QQ,Info
0,成员 大家 打个招呼 小 象 扣扣 客服 邀请 谢磊 加入 小 象 扣扣 客服 邀请 王晓雷 加入 小 象 扣扣 客服 邀请 小 象 招聘 加入 蓼 蓼 加入 艾哥 加入 加入 加入 加入 懒 牛 加入 斐 波 那契 加入 快乐 漂漂 人 加入 云中 踏月 加入 尾生 加入 加入 加入 加入 加入 枫 狂 仁 加入 文博 加入 木马 加入 加入 邸荣荣 加入 千寻 加入 加入 英雄 侠义 化身 加入 梦幻天使 加入 弘毅 加入 加入 蔡悦 加入 飞羽 加入 加入 加入 布鲁斯 加入 雪 加入 冰雨 加入 流風 回雪 加入 加入 梦想成真 加入 加入 碧天 加入 棉花球 加入 懂 加入 启航 加入 人 加入 加入 小 头 爸爸 加入 加入 机器 算法 加入 加入 加入 天使 心 加入 清风 莞尔 加入 破 成蝶 加入 加入 小鱼儿 加入 加入 世伟 加入 加入 加入 俞高 加入 果园 加入 九霄 雲 外 加入 山霸 加入 大石 加入 加入 凤栖 梧 加入 加入 泥巴 加入 薛定谔 猫 加入 小 龚 加入 加入 夏天 加入 加入 灰机 机机 机 加入 清晨 加入 分享 文件 矩阵 下载 分享 文件 概率论 贝叶斯 先验 下载 分享 文件 机器 学习 下载 阿俊 加入 晴雨竹 加入 加入 听 风吟 加入 加入 加入 加入 右 耳朵 新 新 加入 加入 分享 文件 矩阵 下载 分享 文件 概率论 贝叶斯 先验 下载 分享 文件 机器 学习 下载 珍惜 努力 加入 加入 喝茶 逛街 斗 狗 加入 张 加入 村里 加入 夏日 海洋 加入 加入 呼叫 加入 木缘 加入 小游 加入 岳 富国 加入 冬青 加入 寇亚飞 加入 村里 分享 文件 李航 统计 学习 方法 下载 长袖 善 加入 分享 文件 概率论 贝叶斯 先验 下载 分享 文件 天 学懂 深度 学习 下载 分享 文件 矩阵 下载 分享 文件 机器 学习 下载 毛毛雨 加入 加入 加入 丰色夕夕 加入 加入 天外飞仙 加入 加入 快 风 加入 张忠河 加入 李明 加入 加入 加入 善俊 加入 加入 吴迪 加入 阳光 不锈 加入 星之声 加入 加入 加入 牛 富贵 加入 寵坏 加入 绿云 无踪 加入 灰太狼 加入 加入 心 空 加入 王雪征 加入 杨柳岸 加入 加入 斯嘉丽 加入 大 尾 鱼 加入 足球 小子 加入 田颖 加入 宰相 加入 加入 加入 加入 董大牛 加入 子小朋 鸟 加入 桃苑 小 电工 加入 荞麦 加入 加入 烨 枫 加入 马延超 加入 木漏 加入 呲 牙 猜想 加入 木瓜 加入 周念 加入 顺流 加入 周飞 上海 加入 小 想 小 加入 煎 包 加入 加入 大 牛 牛 加入 加入 止战 加入 流 加入 加入 加入 玮 星夜 孤辰 加入 神天云 君 加入 风信子 加入 耶 加入 寒 头 加入 加入 烈火 青春 加入 王哲涛 上海 加入 刘 看 山 加入 浩子 上海 加入 加入 苏维 加入 蓝色 畅想 加入 天上 火 加入 微笑 泪 加入 饭 饭 饭 小 贱 加入 知常 加入 等待 加入 加入 加入 加入 一世 固守 加入 志鹏 加入 蛋蛋 加入 上善若水 加入 加入 加入 白云飞 加入 扯蛋 人生 加入 加入 小茗 加入 干 加入 哈雷 加入 加入 加入 水 春愁 加入 韦晓燕 广州 分享 文件 矩阵 下载 韦晓燕 广州 分享 文件 概率论 贝叶斯 先验 下载 韦晓燕 广州 分享 文件 机器 学习 下载 小舟 加入 江湖 加入 加入 星 月亮 太阳 加入 凌云 加入 时光 如梭 加入 无 重庆 加入 加入 加入 短腿 叔叔 加入 北京 加入 加入 分享 文件 金融 大 下载 加入 倚天 照海 加入 瑞鸿 分享 文件 百度网 下载 加入 加入 黑客 画家 加入 加入 郭行桥 加入 生活 加入 长路 漫漫 加入 卧虎 加入 加入 田熠阳 加入 指北针 分享 文件 下载 修行者 加入 陈世江 加入 加入 加入 吴伟明 成都 分享 文件 下载 猕猴桃 加入 子浪 加入 加入 龙 加入 勇往直前 加入 掌声 加入 洛水 青鸟 加入 加入 吴 江湖 深圳 分享 文件 基础教程 课 基础 下载 短短 球 撤回 消息 乌 撤回 消息 乌 撤回 消息 乌 撤回 消息 王文涛 加入 加入 加入 春雨 里 洗过 太阳 加入 新生 加入 行歌 分享 文件 概率论 数理统计 浙大 版 第四版 教材 下载 行 加入 闲云野鹤 加入 余浩 深圳 分享 文件 同济大学 第五版 教材 电子版 下载 分享 文件 下载 逆水行舟 加入 加入 无法 戒掉 温柔 加入 加入 逆光 加入 成都 分享 文件 下载 蜕变 加入 木兰 加入 阿卡斯 加入 爱 笑 加入 加入 燃夏 加入 悠然 加入 想 睡 觉 加入 陈 中庭 妈妈 加入 绿萝花 加入 上游 加入 分享 文件 机器 学习 应用 实验 手册 下载 村里 分享 文件 成分 分析 下载 严 加入 分享 文件 代码 下载 冰依 分享 文件 基础教程 学习指南 版 下载 上海 分享 文件 回归 下载 印渍 撤回 消息 海纳百川 撤回 消息 恒星 恒心 北京 撤回 消息 江湖 散人 加入 武汉 分享 文件 下载 杨宇 加入 哭 耗子 猫 加入 落笔 守护 爱 加入 王琳 加入
272,大家 可买 视频 啥意思 发错 不好意思 学习 抽象 上课 缓存 小象 链接 参团 支持 课程 本来 便宜
46,大家 老 学员 学 牛 只能 向下兼容
19,老师 请问 有没有 课前预习 材料 谢谢 打开 文件夹 里面 文件
41,报 课程 提供 往期 资料 看到 课程 里 讲 统计 知识 里面 没了 想 听 笑 哭 笑 哭 笑 哭 转发 看 旧版本 转存 大 失败 提示 玩意 大 不止 数量 增长 保存 下载 基本 参加 数学 建模 分享 删除 取消 会员 存 蛋 疼 做 做 规划 问题 求 解 貌似 能解 数模 存 慢 分享 花钱买 会员 普通 确定 全 全 人 发 发 感觉 全 大 数据 哪些方面 深度 学习班 之前 想 报 错过 晓得 插班 下次 想 问 入门 机器 学习 听 适合 人 毕业 不会 下次 之前 试听 了下 公开课 感觉 不错 手机 卡死 手机 直接 网页 看 直播 卡死 后 反应 重进 继续 最近 上周 安卓 平板 经典 数学 建模 题 之前 看见 改 背景 电梯 取 宝石 问题
346,大家 老 学员 老炮
138,老 学员 机器 学习 往期 学员 转发 免费 升级 公司 政策 不能 往前 兼顾 欢迎 新 学员 换 浏览器 试下 推荐 谷歌 火狐 课件 里 前 代码 老师 截图 放 课件 后边 发 代码 小 问题 当场 答疑 需要 编写 大量 代码 一两句话 问答 社区 留言 浏览器 设置 浏览器 设置 刚才 技术 确认 了下 系统 系统 需要 缓存 下来 直播 回放 敬业 可能 邹 老师 看 安卓 个人 设置 帮 手机号 邮箱 账号 登录 最近 搞 送 书 活动 书 大家 关注 公众 小 象 课程 往后 顺延 周 重新 购买 官 网价 续期 版本 安卓 麻烦 帮 学员 看 手机 型号 技术 拉 小群 缓存 发 测试 连接 测试 上课 调到 明天 老师 断网 正在 电话 联系 转发 朋友圈 免费 升级 活动 具体 政策 公司 通知 看 回放 遇到 问题 刷新 看 电脑 是否 插 耳机 拉 小群 浏览器 推荐 谷歌 火狐 刷新 测试 环境 正在 联系 听课 回放 资料 下载区 客气
312,老 学员 过来 机器 学习 数据库 要求 高 感觉 数据挖掘 工程师 数据库 要求 高 看 招聘 机器 学习 算法 工程师 岗位 要求 数据库 数据挖掘 工程师 岗位 要求 数据库 谢谢
256,以后 新 学员 学习 新 机器 学习 课程
390,小 象 做 赞 欢迎 那本书
383,转发 降 成 旧版 昨天 共享 资料 谢 今天 看 链接 不能 里面 空 开课 列表 以前 注意 开课 列表 谢谢 公司 网 限制
187,发错 地方 加 客服 微信 拖 信群 微信 群 超过 人 之后 不能 直接 进 只能 人 拉 建 通知 提 问题 割裂 学员 交流 上课 相关 事宜 通知 昨天 正式 课程 公开课 正式 课程 周二 通知 进行 操作 直接 微信 登录 输入 课程 码 找 出来 搭楼 搭 正点 登录 课 不能 看 过期 出错 提示 大图 换 微信 手机 浏览器 后者 浏览器 看下 群 公告 遇到 问题 今晚 地区 确实 出 二维码 好像 微信 返回 正在 看 看看 可靠 情报 图标 左上角 新 字 版本 出现 错误 新 版本 请 下载 左上角 新字 版本 老 版本 网页 看 链接 看 下载 新 版本 账号 做 退出 操作 重新 登录 小 象 学院 公众 看到 拼团 链接 版本 版本 下载 新 版本 退出 账号 重新 登录 手机 缓存 时间段 出现 状况 重新 下载 录制 原片 看看 功能 正在 做 安卓 目前 支持 播放 版本 账号
345,大家 以后 希望 帮助
228,资料 共享 学习 共享 货 付费 百度 云盘 谢谢 能否 菜 菜鸟 推荐 学习 路径 看 里面 入门 小 蚊子 算法 里 缺 链接 密码 手快 挖掘 路线图 有用 刚才 构建 讨论 技术 微信 联络感情 明天 厉害 差 人 收到
48,买 周志华 机器 学习 没了 老师 讲 跳 邹 老师 讲 下载 记得 以前 看 回放 水印 新 播放器
191,链接 密码 链接 密码 数学 建模 软件 链接 密码 算 运筹学 运筹学 机考 求 方程 解 链接 密码 忠粉 找 不到 学画 图 不理 问问 保存 链接 密码 数据 不能 题目 出来 图像 做 字符识别 类似 里 讲 清楚 电子版 小 纠结 想 生成 可视化 书籍 推荐 做 报告 有没有 库 手里 书籍 介绍 统计学 结合 应用 书籍 请问 构建 特征 工程 区 识别 文档 里 内容 文本 文件 里 文件 字 想 识别 出来 知道 建立 特征 适合 运行 代码 看 鸢尾花 数据 做 出来 样子 效果 转置 向量 转 同济 版 讲 正交 向量 垂直 向量 问题 向量 垂直 向量 转置 意思 笑 哭
316,保存 完 资料 谢谢 大 兄弟 共享 没等 下完 取消 共享 最好 转存 感觉 资料 全 配套 视频 请问 刚才 共享 资料 完整 破解 免 安装版 参加 培训 得到 资料 想 问题 突然 得到 资料 感觉 知识 淹死 学 深度 学习 讲 木 邹博 老师 讲 希望 邹博 老师 讲 深度 学习 邹 老师 粉丝 拿到 问题 听 备注 真名 没停 机器 学习 升级 里 看 录播 忙 不能 人员 想 弄 下来 难事 涉及 利益 问题 最好 学 行 厂长 小 纠结
44,兄弟 下载 取消 同感 记错 好像 好用 用过 语言 简单 直接 下载 里面 包含 模块 简洁 易用 觉得 理论 实现 差 理论 不错 网易 公开课 上有 公开课 包 包 内置 里面 直接 摸索 简单 研究 惯坏 粤 江门 金融 不牛 想 转 编程 数学 想 问 布朗运动 接触 词 受教 准确 谢谢 厂长 电子书
232,取消 学 需要 反 主义 抬头 鼓吹 血统论 阶层 教 大家 安于 清贫 折腾 毕业 融会贯通 小 白学 费劲 分布 类型 昨天 贝叶斯 分布 推导 真爽 吸 大麻 爽 老鼠 成瘾 奥巴马 吸 雪茄 加料 州长 讨论 公式 推导 加速度 速度 行业 行业 特征 数学 语言 行 转化 过程 偏差 问题 解决 需要 创造性 英文 亚美尼亚语 算装 发 机器 学习 真不错 课 听 值回 票价 知识 无价 课程内容 无 招剩 招
127,传 老师 原代码 里面 字 显示 出来 知道 解决 能加 好友 私聊 问 问题 不能 看 回放 看 视频 声音 昨天 看 以后 不能 继续 播放 听歌曲 听 不到 视频 里面 声音 换 浏览器 页面 打不开
147,准确 讲 做 优化 运筹学 控制论
363,存 麻烦 帮忙 发 保存 花钱买 会员 没了 辛苦 大神 发 保存 帮忙 转
5,问 微信 群 发 微 信群 二维码 公开课 有微 信群 小 象 客服 不理 人 问 知道 明天 课件 客服 回 信息 邹 老师 学员 初学者 问 中间 空格 去掉 拼错
124,大家 小 相 大家 学习
128,群 签到 请 使用 手机 进行 查看 欢迎 新 同学 高见 分类 笑 哭
247,请问 微信 区别 谢谢 微 信群 付费 后 客服 邀请 加入 确定 加 人
233,微 信群 课堂 通知 提到 建 微 信群 事情 看 分类 问题 预测 问题 分布 以后 讲 吸过 吸 大麻 国家 合法 样本均值 等于 期望 写法 展开 浪子 同学 想 正交 没法 等于 意思 写法 展开 懂 浪子 同学 坑里 正解 复数 域 共轭 挪到 实数 域 关键 创造性 解决问题 知道 解决问题 毫无 创造性 笑 哭 客气
140,发下 微信 群 二维码
107,大家 解释 语言 姑娘 加油 前端 机器 学习 一窍不通 数学 基本 问题 大学 学 数学 后来 转 计算机 想 找 课程 带 入门 机器 学习 入门 可惜 忘 大学 课本 邮 过来 复习 大学 数学 书 留 昨天 公开课 小 象 客房 泊松 过程 基本 找 过程 看吧 找 书 看 找 行 没事 教材 忘 正好 机会 复习 搞 前端 厂长 没事 没事 小意思 看到 做 癌症 分期 肺癌 第八版 分期 厉害 牛家村
215,冒泡 新人 请 群 签到 请 使用 手机 进行 查看 需要 提前 预习 看 课件 感觉 回去 考 研 里面 不能 看 课件 打气 文章 买 试听 个人 觉得 线 系统 学习 机器 学习 课程 后续 查漏 补缺 感觉 客服 小象 牌子 专业 最后 变成 数学 金融 化学 物理 小 纠结 骚扰 官网 下载 通知 知道 小象 重视 问题 用户 体验 差 产品 问题 小 象 产品 经理 产品 经理 技术支持 变成 客服 客服 小 纠结 红包 发 口令 红包 请 使用 版 查收 红包 小 象 客房 开课 邹 老师 安排 开发 工程师 写 脚本 自动 处理
85,泡 刚入 群 群 签到 请 使用 手机 进行 查看 貌似 内容 配合 老师 讲解 有用 小 象 客房
342,群 签到 请 使用 手机 进行 查看
321,大家 希望 大家 坚持 课程 最后 机器 学习 基础 加 群 开课 数学 忘光 游览器 打开 网址 名字 小象 学院 坚持 住 群 签到 请 使用 手机 进行 查看 微信 群 群里 老师 助教 指点 登录 显示 加入 班级 试试 谢谢 网页 微信 登录 装 装 装 不会 搜到 试试 PC机 看 视频 信 帐号 购买 手机号 注册 问 版本 版本 要求 处理 大量 数据 时 大神 解决办法 写 快 数据 挂掉 装
163,数学 破 数学 本来 就学 肿么 办 公式 看不懂 模式 分析 股票 之前 华尔街 做 量化 金融 计算机专业 之前 哥伦比亚大学 回国 之前 想 回去 回去 公司 保留 职位 数学 学好 回来 照顾 父亲 后来 博士 进 的哥 大 硕士学位 出来 科研 料 太懒 静 不下 心 纽约 纽约 玩 学糕 计算 课 赚
364,加油 装 里面 自带 个人 喜欢 装好 之后 里面 要用 包 里面 装 之后 麻烦事 帮 搞定 额 打开 试 写 算是 研究 深度 学习 股价 预测 运用 模型 试 过去 声音 外星人 老师 换 耳机 丘 老师 今晚 明天 上课 补 不行 社区 版 免费 免费 里面 看 习惯 人 喜欢 人 喜欢 管理 不同 版本 写 大 脚本 可能 不住 看 问 重播 基本 问题 同学 看 公告 好像 微信 服务器 当机 恢复 信息 发 猜测 群 公告 方便 大家 推荐 觉得 不错 书嘛 版本 官 网上 搞 报 错误 直接 报错 最后 输出 错 出不来 貌似 环境 问题 问 用途 迅雷 网站 当时 好像 没事 大家 推荐 个人 觉得 书 看 上面 需要 东西 讲 详细 跑 建议 装 做 数据 过程 处理 过程 进行 处理 改动 脚本 里 大 文件 股票 数据 求 滑动 平均数 肯定 先用 跑 小 处理 方法 试试 脚本 读取 文件 切片 处理 明白 类似 管理 库 装好 之后 里面 路径 改为 里 知道 请 百度 包 里 开头 加 懂 遇到 问题 中文 个人 觉得 名字 需要 过于 纠结 算法 重要 处理 方法 数据处理 上面 写 做 里
216,不错
214,今晚 有试 听课
79,求问 有微 信群 试听 意思 小 象 客服 不理 人
226,软件 看不到 预习 资料 软件 清楚 回头 补 节省 时间 喜欢 实现 可能 难 遇到 工程 问题 前期 方法 变成 熟悉 数学 问题 看 工程 经验 斯坦福 公开课 不错 包括 机器人 思路清晰 理论 完整 实现 思路 打好 框架 熟悉 理论 应用 遇到 工程 问题 做 变通 装 懂 老板 指导 指导 之前 装 数学 工具包 想 死 麻烦 基础教程 感谢 老板 试试 学学 看起来 界面 有点 熟悉 快捷键 运行 睡觉 晚安 明天 加油 试 感谢 指导 老板 加油 老 男人 大家 奋斗 只能 大家 努力 钱花 值 学 计算机 偏 传统 行业 机电 汽车 机械 做 系统 结构 可靠性 算是 实体 行业 打交道 算 最来 钱 行业 里 过程 了解 没得 懂 感谢 过程 熟悉 下半年 明年 做 维修性 相关 工作 数学 基础 过程 里面 布朗运动 找 看下 谢谢 拉 破送 过程 算是 了解 买 带到 工作 地方 下次 带 过去 感谢 知道 门 课 段时间 有空 学学 名字 厂长 盖 谢谢 拉 地方 有用 厂长 电子 档 没得 积分 非常感谢 非常感谢 下次 打印 出来 看 学 数学 搞 数学 粗略 翻 正好 适合 感谢 邹博 集成 环境 装 好用 用点 黑屏 搞 系数 听到 同学 帮忙 解释 感谢 均匀分布 分布 函数 标准 正态分布 教程 发现 手 不会 注释 快捷键 运行 快捷键 加 注释 快捷键 运行 之后 结果显示 知道 看 不能 汉化 看着 英文 界面 蛋 疼 感谢 代码 单行 运行 知道 显示 周末 学习 软件 不会 玩 请问 窗口 设置 调 出来 样子 结果显示 窗口 知道 调 出来 请 指导 下哇 样子 代码 好像 运行 起来 学习 了下 网上 教程 跑 起来 感谢 指导 请问 设置 断点
307,群 签到 请 使用 手机 进行 查看 干嘛 搞 微信 报 退 补 上手 容易 客服 到位 发 群 公告 贴 二维码 觉得 群 合适 根本 知道 公布 公开 大家 知情权 大 谈恋爱 数数 智商 够 亲 舅舅 套路 深 毕业 过年 问 找 女朋友 结婚 够 昨天 看 课件 节课 完 大学 数学 需要 基础 开元 数学 补 做 题 如下 考研 数学 看一看 了解 基础 只能 调库 机器 学习 实践 真渣 做 理论 就算 对头 问 报班 盲目 建议 看 考研 数学 网上 视频 量化 交易 班 预测 股票 智能 选股 基本 做 特征 工程 别急 量化 金融 跑 干 效果 看 个人 报班 图 氛围 老师 不能 想法 认真 备课 哥大 矿工 跑 报效 主国 补补 寄 希望 课程 资本 注意 看 读 博 哥大 业 当年 学霸 变成 学渣 懒 心态 算法 实 实现 姑娘 大家 太祖 姑娘 顶 半边天 姑娘 明显 不够 搞 培训 学 代码 活该 累死 玩起 客服 错 盲目 成功 参考 西蒙斯 厉害 知道 客服 红包 网上 发 百度 链接 深圳 上班 组队 班主任 出现 群 文件 过期 有点 快 厉害 实话 应届 有助于 困难 上期 学 上瘾 回访 视频 放 网上 没事 想 报班 报 考研 人 报 班 视频 网上 重要 上课 氛围 花 钱 认真 项目 出来 讨论 画 出 大题 识别 相应 软件 容易 冲突 猜 官方 文档 基本 够 要能 找到 行 环境变量 问题 环境 里 配置 路径 之外 找 不到 没用 环境 直接 官网 推荐 官方 好像 支持 挺好 希望 大家 官方 说明 安装 目前 最火 百度 问问 老师 之前 发过 大家 提问 实践 之前 不行 换 新 学习 消费者 跪求 环境 搞好 免得 影响 大家 学习 心情 之前 旧 开课 前调 新 电影 影院 看 老电影 可能 网上 找 资源 听
172,群 签到 请 使用 手机 进行 查看
239,看不到 课件 电脑 小 象 客房 小白 老师 看 论文 看不懂 学习 简单 手势 试讲 老师 给出 数字 识别 例子 课件 网上 课程 里
376,太赞 别介意 计算 能学 谱 计算机 视觉 方面 数学 课本 小 象 客房 听 昨天 试 听课 豁然开朗 之前 啃 论文 啃 统计 学习 方法 文档 组队 看 统计 组队 看 统计 学习 方法 看 看 转述 转述 过程 理解 提高 赞 写 博客 详细 搞 东西 工作 早 丢光 看着 略累 梯度 下降 来算 卧槽 符号 成功 出来
179,今天 公开课 听 邹博 介绍 机器 学习 课程 明天 录像 微信 群里 客服 进入 找 小象 客服 就让 邀请 进入 邹博 群里
102,公开课 晕 求 群号 简单
60,同求 代码 下载 基础 项目 带 做 问好 付钱 编译 环境 从零开始 编译 环境 装 问题 干嘛 编译 环境 明天 下载 装 门 课 有没有 相关 书籍 推荐 斜眼 笑 斜眼 笑 理论 方面 书 电脑 看 知道 那本书 买 准备 好好学习 斜眼 笑 斜眼 笑 概率 统计 重要 笑 哭 笑 哭 觉得 统计学 基础 想 练一练 基本 算法 靠谱 项目 木 效果 考虑 报 班 学 课 学习 代码 实现 编程 较差 理论 代码 表达 实际 项目 做 才能 印象 好书 谢谢 上传 朋友 不想 使用 卸载 之前 装 貌似 不行 整 改 不行 谢谢 大神 书 入门 推荐 设置 打错 看不懂 想 问 模型 干吗 百度 换成 下班 好使 机器 学习 旅 之前 加上 谢谢 改正 运行 不行 换成 老师 代码 不能 运行 例题 改 现实 汉字 实用 截图 拍照 看 实在 不知 改 懂 不行 改 客气 搞 好使 安装包 显示 激活码 取消 版 小 纠结 截 图 看看 奥 奥 下载 免费版 解决 输出 汉字 乱码 问题 有没有 人能 解决 对应 目录 最晚 回放 看 昨晚
75,小 象 客服 不理 人 小 象 客服 不理 人 问 官方 人 小象 客服 发 信息 回复 信息 目前 排队 请 耐心 等待 昨天中午 等到 里 统一 行 听说 昨天 课 好像 大家 知道 额 厉害 瞎 跑 概念 了解 听说 适合 正在 了解 想 问 数学 班 内容 包括 高数 线代 概率论 昨天 最近 论坛 上去 问 知道 想要 版本 额 里下
165,小向 客服 下班 睡觉 互联网 时代 肯学 总 能够 学 系统 基础 认为 持之以恒 重要 简单 看 复杂 看 速度 看 视频 不懂 地方 人间 卡内基 梅隆 人 搞 出来 原创 重要 缺乏 原始 创新 搞 调包 调 参数 难 走 前面 知道 过程 直播 界面 改版 青岛 文件 文件夹 右键 选择 试试 用意 提示 读取 文件 模块 仔细 看 错误 说明 数学 录像 有团 觉得 学习效果 编译 安装 装好 参考 看 说明 编译 安装 直接 要用 直接 登 服务器
248,小 象 客服 不理 人 消息 没回 继续 运行 老师 问题 放到 问答 理论课 代码 问 降维 坏 图像 上看 好像 不太好 数据 原因 一共 组分 看 老师 降维 最后 分开 老师 我用 数据 代码 拉开 配 卡 深度 学习 费劲 卡 使用 续费 续 重新 买 卸载 重装 可能 配置 问题 指 包都 不能 导出来 免费 卸载 重装 解决 问题 不选 专业版
178,问
199,问 客服 微信 老 学员 剩 最后 两节课 老 学员 推荐 大家 门 课 肯定 很大 收获 不能 拿到 学 上期 课学 真 累 元旦 后天 结束 老 学员 免费 听 进来 感慨 希望 听课 兄弟 做 笔记 听 收货 广州 百度 神经网络 使用 系数 求 相似 方式 不同 句子 存在 字 相似 同义词 近义词 效果 词 出现 盖伦 大
324,问 小 象 客房
385,微信 课件 官网 矩阵 课件 下载 地址 昨晚 公开课 大家 听 基本上 课程内容 介绍 正式 课程 大家 直播 矩阵 课件 下载 地址 课 机器 学习 角度看 数学 课件 课件 相应 代码 做 截图 学习 目标 回忆 掌握 数学方法 课 链接 提供 源码 文件 当前 上课 链接 直播 点击 后 空 课 前 直播 链接 内容 欢迎 大家 加入 机器 学习 升级版 班级 群 进群 学员 请 修改 群 昵称 格式 学 姓名 城市 班级 地址 直播 共 次 次 周二 晚上 直播 后 提供 录制 回放 视频 有效期 观看 地址 课件 下载 地址 直播 地址 手机 下载 地址 课程内容 问题 直播 课 问 老师 矩阵 课件 下载 地址 课 机器 学习 角度看 数学 课件 课件 老师 相应 代码 做 截图 学习 目标 回忆 掌握 数学方法 课 提供 源码 文件 老师 重启 重启 完 进入 直播间 课时 视频 之前 微信 登录 过会 自动 领取 微信 登录 换 帐号 登录 课程 码 优惠券 优惠券 课程 码 微信 扫码 登录 手机 浏览器 手机 看 下载 地址 请 看 须知 概率论 贝叶斯 先验 进入 明天 早上 看 视频 回放 手机 下载 地址 注意 看 直播 课 遇到 问题 请 直播间 聊天 窗口 点击 进入 班级 群 直播 技术人员 帮 处理 微信 找 客服 办理 退课 请到 小象 问答 发布 问题 矩阵 进入 明天 早上 看 视频 回放 手机 下载 地址 注意 看 直播 课 遇到 问题 请 直播间 聊天 窗口 点击 进入 班级 群 直播 技术人员 帮 处理 数据 清洗 特征选择 代码 课件 下载 地址 下载 具体 提示 页面 截 全屏幕 图 发来 看看 基础 建议 观看 端 谷歌 浏览器 进行 观看 基础 请 学员 下载 课件 做好 预习 课件 下载 地址 直播间 地址 请 点击 基础 进入 明天 早上 看 视频 回放 手机 下载 地址 注意 看 直播 课 遇到 问题 请 直播间 聊天 窗口 点击 进入 班级 群 直播 技术人员 帮 处理 今天 讲完 问问 老师 下周 课件 不行 请 跟踪 问题 决策树 森林 代码 课件 下载 地址 晚 学员 做 直播 环境 测试 回归 请 学员 下载 课件 做好 预习 课件 下载 地址 直播间 地址 请 点击 回归 进入 明天 早上 看 视频 回放 手机 下载 地址 注意 看 直播 课 遇到 问题 请 直播间 聊天 窗口 点击 进入 班级 群 直播 技术人员 帮 处理 名字 写 代码 序号 第几课 仔细 读下 第七课 第八课 标题 明白 原理 实践 课 仔细 看 下课时 名称 回归 实践 课 代码 晚 学员 做 直播 环境 测试 回归 请 学员 下载 课件 做好 预习 课件 下载 地址 直播间 地址 请 点击 回归 进入 明天 早上 看 视频 回放 手机 下载 地址 注意 看 直播 课 遇到 问题 请 直播间 聊天 窗口 点击 进入 班级 群 直播 技术人员 帮 处理 进入 直播 问题 处理 群 最大化 目前 不能 之前 全屏 弹幕 学员 反应 全屏 全屏 弹幕 微 信群 明天 需要 客服 拉 进去 手机 看 直播 卡死 上有 新 字 周六 进入 群 加 测试 环境 学员 做 直播 环境 测试 问题 旧 直播 稳定性 不能 保证 抗压 能力 保证 学员 做 直播 环境 测试 方便 试下 看下 上课 晚 学员 做 直播 环境 测试 回归 实践 请 学员 下载 课件 做好 预习 课件 下载 地址 直播间 地址 请 点击 回归 实践 进入 明天 早上 看 视频 回放 手机 下载 地址 注意 看 直播 课 遇到 问题 请 直播间 聊天 窗口 点击 进入 班级 群 直播 技术人员 帮 处理 同学 请 看下 群 公告 晚 学员 做 直播 环境 测试 回归 实践 请 学员 下载 课件 做好 预习 课件 下载 地址 直播间 地址 请 点击 回归 实践 进入 明天 早上 看 视频 回放 手机 下载 地址 注意 看 直播 课 遇到 问题 请 直播间 聊天 窗口 点击 进入 班级 群 直播 技术人员 帮 处理 安卓 请 砸 下载 手机 上看 前 出去 会儿 回来 不行 报 链接 出错 估计 接口 出错 问题 看 合上 打开 程序 自动 退出 晚 学员 做 直播 环境 测试 决策树 森林 请 学员 下载 课件 做好 预习 课件 下载 地址 直播间 地址 请 点击 决策树 森林 进入 明天 早上 看 视频 回放 手机 下载 地址 注意 看 直播 课 遇到 问题 请 直播间 聊天 窗口 点击 进入 班级 群 直播 技术人员 帮 处理 版本 录课 传播 账号 机型 问 技术 下载 问题 讲 学员 做 直播 环境 测试 实践 请 学员 下载 课件 做好 预习 课件 下载 地址 直播间 地址 请 点击 实践 进入 明天 早上 看 视频 回放 手机 下载 地址 注意 看 直播 课 遇到 问题 请 直播间 聊天 窗口 点击 进入 班级 群 直播 技术人员 帮 处理 收到 系统 发 上课 通知 小 象 学院 账号 微信 小 象 学院 买课 账号 绑定 微信 学员 微信 关注 小 象 学院 微信 服务 不能 看 聚类 代码 课件 下载 地址 讲 学员 做 直播 环境 测试 请 学员 下载 课件 做好 预习 课件 下载 地址 直播间 地址 请 点击 进入 明天 早上 看 视频 回放 手机 下载 地址 注意 看 直播 课 遇到 问题 请 直播间 聊天 窗口 点击 进入 班级 群 直播 技术人员 帮 处理 进入 明天 早上 看 视频 回放 手机 下载 地址 注意 看 直播 课 遇到 问题 请 直播间 聊天 窗口 点击 进入 班级 群 直播 技术人员 帮 处理 算法 代码 课件 下载 地址 讲 学员 做 直播 环境 测试 聚类 实践 请 学员 下载 课件 做好 预习 课件 下载 地址 直播间 地址 请 点击 聚类 实践 进入 明天 早上 看 视频 回放 手机 下载 地址 注意 看 直播 课 遇到 问题 请 直播间 聊天 窗口 点击 进入 班级 群 直播 技术人员 帮 处理 讲 学员 做 直播 环境 测试 聚类 实践 请 学员 下载 课件 做好 预习 课件 下载 地址 直播间 地址 请 点击 聚类 实践 进入 明天 早上 看 视频 回放 手机 下载 地址 注意 看 直播 课 遇到 问题 请 直播间 聊天 窗口 点击 进入 班级 群 直播 技术人员 帮 处理 直播 声音 直播间 上方 一键 进 按钮 进群 反馈 信买 微信 看 登录 账号 提示 购买 微信 扫码 登录 官网 观看 不能 看 续费 就可以看 讲 学员 做 直播 环境 测试 算法 请 学员 下载 课件 做好 预习 课件 下载 地址 直播间 地址 请 点击 算法 进入 明天 早上 看 视频 回放 手机 下载 地址 注意 看 直播 课 遇到 问题 请 直播间 聊天 窗口 点击 进入 班级 群 直播 技术人员 帮 处理 主题 模型 代码 课件 下载 地址 讲 学员 做 直播 环境 测试 贝叶斯 网络 实践 请 学员 下载 课件 做好 预习 课件 下载 地址 直播间 地址 请 点击 贝叶斯 网络 实践 进入 明天 早上 看 视频 回放 手机 下载 地址 注意 看 直播 课 遇到 问题 请 直播间 聊天 窗口 点击 进入 直播 问题 处理 群 直播 技术人员 帮 处理 问下 讲 学员 做 直播 环境 测试 主题 模型 请 学员 下载 课件 做好 预习 课件 下载 地址 直播间 地址 请 点击 主题 模型 进入 明天 早上 看 视频 回放 手机 下载 地址 注意 看 直播 课 遇到 问题 请 直播间 聊天 窗口 点击 进入 直播 问题 处理 群 直播 技术人员 帮 处理 看 浏览器 不能 看
362,建 群 方便 统一 就行 从事 行业 单纯 感兴趣 做 功课 忘 大 接触 搞 工程 预习 打错 缩进 编辑器 缩进 错误 最好 空格 行 统一 函数调用 入口 相当于 语言 教程 当时 看 详细 了解 语法 理解 过程 重要 公式 忘 继续 推导 说明 存在 存在 极限 分布 理解 数学课 听 行 文件 官 网下 系统 不能 喜欢 看 聊天 纪律 记录 颜色 黄色 看看 函数 源码 知道 编译 共享 最后
25,昨天 视频 下载 觉得 发图 方便 公开课 吸引 人用 明天 曾氏 正式 数据挖掘 分析 数学 知道 学 起来 不会 懂 看 全 数学公式 数学 看 智商 做 解决 学费 朋友 帮 交 应用 广 后面 数学 据说 适合 做 课程 数学 等学 完 报 补补 数学 难 写 代码 为主 底层 东西 模块 处理 知道 算 出来 纯 模拟 还得 学 实践 个人 开团 推荐 大家 买 防 紫外线 眼镜 看 电脑 瞎 觉得 课程 知识 全部 搞懂 看书 看到 后面 难 容易 放弃 大家 努力 循序渐进 恩 包括 基本上 机器 学习 里面 要用 分析 股票 做 量化 预测 就算 特征分析 可行 打算 团 等学 完 团好 急 明天 开课 大家 休息 吃 喝该 看 电影 搞 搞好 后面 苦战 有点 大 觉得 问题 当场 提 淘宝 入门 视频 看 视频 看书 看不懂 想 实现 课程 公式 代码 写 看 闷 库 库 以后 报错 确实 属性 包 知道 拼错 恩 谢谢 大家 车速 看见 前面 有车 情况 肯定 速度 距离 保持平衡 距离 减少 速度 相应 减少 明白 本来 开 前面 没车 突然 发现 有车 速度 降低 距离 速度 距离 降低 降低 没车 位 单位 增加 速度 数学 菜 基本 还给 老师 大家 帮帮我 从头 看 基本
341,微信 相比 方便 今天 报名 笑 哭 笑 哭 大 新生 计算机专业 阿舅 今天 早上 推荐 报名 顺便 帮 学费 交 学期 推荐 学 慌 提前 自学 高数 笑 哭 有没有 人团 数学 带上 大 刚学线 看 讲 慌 好像 上网 加入 班级 加入 班级 以后 显示
391,回复 知足 发 信息 回复 泪 奔 最小 最美 声音 朋友 回来
241,数学 课程
139,小 里 看 视频 课件 小象 回放 看 通知 正交 装 好像 不行 里面 去掉 理解 条件 概率 公式
45,望能 开 金融 量化 交易 股票 预测 金融 数据 方面 课程 邹 老师 开门 金融 股票 预测 邹 老师 讲 很好 死 数学 以上 调剂 普通 拍下来 分享 扫描 版 打印 出来 黑 拍照 打印 出来 黑 直接 包名 样子 命令 好像 文件 路径 安装 包 文件 命令行 保存 电脑 路径 命令 问题 不能 搭配 环境 只能 装 装好
374,努力 补 数学 习惯 回归 代码 明白 谢谢 上学 就学 目标 当年 上学 知道 天天 玩
166,敲 代码 发现 大学 数学 忘记 昨晚 试听 听说 今天 出 昨晚 直播 视频 看 直播 直接 看 视频 行 想 问 知道 知识 导数 对数 以前 学 记得 百度 了下 醒悟 介绍 教程 不会 感觉 只能 听 影响 后面 讲 应用 回顾 效果 肯定 听完 感觉 吃 嘴 狗屎 妈 感觉 造孽 调用 模块 写 报错 谢谢 下面 玩 没用 入门 打架 多多指教 前 调用 模块 确定 提示 提示 才能 知道 缺少 模块 百度 百度 了下 缺少 想 知道 百度 弄 破 模块 熟悉 原因 知道 模块 介绍 懂 报 之前 做 开发 谢谢 感觉 人 做 感觉 意思 打算 找 刺激 来报 班 搞 公司 机器 学习 打算 提前 了解 烂 大街 新手 擦 挡住 代码 尴尬 入门 看 看 完 函数 模块 里面 加 邪 谢谢 客服 不能 不能 编辑 挡住 代码 官网 打算 看看 后面 项目 里面 运用 东西 公司 项目 决定 专研 数学 内容 直接 磨 消耗 时间 网站 里面 下午 下载 老师上课 问题 麻烦 补 代码 谢谢
142,明晚 小 纠结 百度 验证码 忘 码 请教 大家 函数 啥意思 看 明白 网上 查到 请教 函数 干 英语 捉 急 试过 直接 成 熊猫 查查 单词 勉强 一节课 看 不能 吸收 还好 播放
89,预习 错 妹子 学 鼓励 补 数学 问题 搞 工程 数据 偏 研究 代码 代码 视频 看 讲
121,看到 群里 男性 想 默默地 隐退 大家 做 方向 做 数学
354,性别 不能 看 表面
177,加油 学习
35,看 妹子 少 泡 学习 不分性别 群里 之前 发过 版本
317,最美 最美
49,妹子 不能 学 搞 培训 赚钱 家里 留 工科 知道 搞 出来 加
375,谢谢 分享 课件 昨天 公开课 直播 里 估计 看重 放 大家 知会 谢谢 提醒 请问 昨天 公开课 看重 放 昨天 公开课 里 人大 后知后觉 码农 平时 疲于 应付 产品 经理 经理 产品 值得 拥有 邹 老师 前面 邹 老师 助教 熟悉 下官 网 官 网上 下载 课件 可能 拼写错误 包 里面 网易 云 课堂 课 下载 下来 后 上该 用户 水印 办法 办法
122,厉害 昨天 开课 昨晚 视频 回放 不能 看 取消 系统配置 要求 不能 看 过期 不会 过期 播放按钮 没法 点击 看大图 通信 属于 传统 行业 看来 金融 牛 强大 经济 转 计算机 转 电信 看做 方面 通信 里面 写 软件 鼻祖 通信 认识 牛人 超牛 过程 好像 金融 里 搞 预测 源代码 图 独立 垂直 离职 无人 汽车 最强 大脑 听 没见 带 做 具体 项目 比赛
379,发 失效 麻烦 给我发 谢谢 抱歉 下载 过期 社区 版 免费 做 前端开发 社区 版 够用
388,中科大 重发
186,官 网上 下载 后面 课件 代码 数据 熟悉 下官 网 小 象 客房 刚才 客串 客服 客服 紧张 拉 人 人 排队 统计 学习 方法 后台 机器人 定期 运行 匹配 文字 自动 删除 感谢 大家 粉丝 支持 呵呵 感谢 认可 不用 觉得 托 需要 准备 大家 熟悉 运行 代码 今天 明天 给出 下次 课件 相关 代码 配套 安装 手册 大家 手册 电脑 安装 解释器 期 肯定 期次 最好 需要 以前 乘积 乘幂 结束 期 同学 记 课程 好厚 笔记 面试 算法 部分 还好 当时 讲 原理 觉得 跳 补充 看看 当时 视频 讲 算 数值 前两天 阶段性 繁忙 同学 私信 消息 来得及 回复 问题 解决 烦请 继续 讨论 社区 群 私信 都行 感谢 大家 理解 昨天下午 航天 做 技术 讨论 发现 机器 学习 技术 处于 期待 困惑 阶段 最后 简要 沟通 后期 加强 使用 机器 学习 提供 控制 方法 思路 最近 个人 接触 行业 广泛 方向 行业 听 起来 并不大 相信 未来 机器 学习 结合点 岗位 建议 大家 社区 留言 沟通交流 手段 痛点 运行 时间 长 结论 要求 计算 条 目的 相似 遍历 之外 方法 个人 意见 结论 变成 查找 后面 样本 最 相似 概率 方法 做 可惜 问题 计算 相似 个人 觉得 问题 直接 暴力 给出 方法 简单 依赖 解决问题 回复 完 社区 问题 挤压 问题 遗漏 烦请 升级 加入 以前 版本 是用 恭喜 希望 岗位 能够 大 收获 课程 后面 涉及 处理 内容 努力 大学老师 课程 推荐 呵呵 考虑 找 主题 计算所 感谢 大家 前 招过 硕士 后来 发现 时间 精力 占用 毕业 招 好像 是从 同学 分享 得到 课程 资料 人 告诉 截 图 不用 不用 感谢 大家 支持 国内 知识产权 保护 麻烦 老婆 国家知识产权局 工作 麻烦 重要 事情 做 口头 答应 大家 增加 深度 学习 内容 继续 优化 课程内容 代码 质量 同学 觉得 内容 不错 写 博客 做 笔记 欢迎 能够 加上 参考 出处 模型 看 具体 算法 客气 刚才 反应 过来 刚才 说错 参考 配套 代码 一不留神 大量 信息 起来 图灵 测试 直接 简单 课程 小象 学院 今晚 课 前 甜点 干货 语料 简单 文本 使用 搜狗 新闻 语料 大 加上 处理 后 中间 数据 大家 下载 行 放到 小 象 服务器 次 怕 砍死 条件 概率 定义 整理 博客 希望 能够 加上 出处 怕 大家 拟合 后面 同学 课 讲 东西 清楚 大家 网上 查 往往 找到 博客 前期 听课 同学 整理 内容 大家 看到 后 发现 人 认为 看来 问题 出处 地方 下去 内容 活力 下降
370,官 网上 下载 建议
265,小 象 客房
360,小 象 客房 可能 浏览器 网络 问题
386,小 象 客房
17,小 象 客房
271,小 象 客房
361,还好 机智 老师 有没有 觉得 电子书 推荐 共享 供 学习 截 图 觉得 学习 机器 学习 受益 多多益善 懂 老师 每节课 参考文献 部分 列出来 报 数据 科学 数学 概率论 班 觉得 弱 弱 问 上面 课程 收费 刀 貌似 收费 感谢 差点 付钱
63,电子书 共享 人大 经济 论坛 大家 下载 里面 包含 谢谢 之前 安装 安装 不会 出现 冲突 不行 没声 图像 出来 图像
246,里 课件 看不到 学校 网络 限制 打不开 群 签到 请 使用 手机 进行 查看 签到 抱抱 默认 底 前 字符串 编码 问题 加 输出 中文 字符串 代表 课 原理 讲 有点 跳 申明 可能 课本 学 数据 标准化 矩阵 说求 协方差 矩阵 贡献率 计算 协方差 矩阵 看 听到 相关 名词 看一遍 谢谢 广西 人民 继续 上课 今天 装 花 时间 写 安装 过程 提供 软件 下载 希望 版本 同学 节省时间 学习 问
330,班主任 大人
55,能发 链接 课件 上传
369,请问 看 视频 直播 老师 视频 下载 狗 不能 保证 上课 起码 看 录播 吴恩达 时间 不够 太累 粤 知道 通信 转 计算机 转 软件 转 互联网 感觉 行业 开玩笑 额 通信 计算机 很大 以前 学校 通信 听不懂
275,录像 直播 可能 时间 额
181,录像 下载 支持 老师 今天 上课 收到 微信 通知
174,网站 回放 深圳 老师 麦 炸 统计 学习 方法 之前 坚持 看 全 整理 算是 方法 想 老师 当时 推荐 统计 学习 方法
125,看
95,请问 录播 看 推荐 今晚 继续 今晚 继续 下课
392,课程 明天
240,群 签到 请 使用 手机 进行 查看
381,群 签到 请 使用 手机 进行 查看 群 签到 请 使用 手机 进行 查看 组队 参赛 菜鸟 求 带
377,大家 环境 共存 离散 化 简单 例子 年龄 分析 时 使用 方便 离散 化为 年龄段 以下 以上 分类 变量 不用 离散 化 离散 化
145,请问 只能 手机 学习 直播 课程 进去 好像 看不到 食品 食品 转 计算机 转 金融 食品 知道 计算机 金融 倒 结合 起来 计算机 电信 相通 看 数学 美 人工智能 领域 通讯 领域 大牛 转 计算机 搞 加 好友 杭州 确实 觉得 看书 还好 库 计算 短 编辑 距离 方便
212,使用 网友 收集 文档 楼上 知识产权局 勤奋
203,广东 看来 广东 线下 聚会 电信 不算 吴军 客气 活着 数学 专业 变成 空调 厂长 厉害 快 结束
197,编程 面 全 算法
218,过程 梯度 下降 带 模块 发行版 冲突 记得 官方 地址 慢 找下 清华 镜像 资源 默认 版本 贝叶斯 做 分类器 数值 意思 车速 安全 距离 分割 车速 数值 需要 降速 安全 距离 发现 死 训练 路上 走到 机器 学习 门口 觉得 切换 输入法 麻烦 同学 留学 真懒 刚才 基本上 机器 学习 打成 马兰 东西 马兰 搞不定 维权 成本 高
134,收到 尊重 劳动成果 起码
308,修改 差点 看不懂 商业 产品 只用 倒弄 恩 课件 看 信息 增益 信息熵 保定市 定兴县 牛家庄 定兴县 牛家村 问 村子 熟悉 有点 好奇 可能 小说 里边 虚构 出来 村子 定兴县 牛家村 姓 牛 感兴趣 好奇 确实 地方 熟悉 测试通过 今天 晚上 试下
69,男人 学习 男人 小伙子 电信 做 智能 制造 物 联网 项目 用到 华为 大 数据 百度 兄弟 大家 努力学习 学好 搞 资源 芯片 上周 拿到 测试版 华为 海思 内核 上海 移 远 代工 模块 巧 不用 充电 条件 电池 发送数据 次 超过 目前 华为 发射 电流 待机 电流 微安 同学 群里 高手 实际 案例 高手 分析 解决 问题 矿山 机械厂 数据 采集 后 做 以前 人工智能 做 预测性 维护 取出 数据 后 上传 云 设备 坏 判断 灰尘 电线 接头 松动 原因 造成 问题 正在 做 数据 采集 数据 收集 确实 才能 收集 大 数据 考虑 玩意 太贵 看 癌症 东西 搞定 百度 天津 三院 看 杭州 客户经理 做 项目 股价 预测 分形 模型 觉得 深度 学习 模型 适合 预测 股价
130,国内 节点 之前 看 貌似 澳洲 英国 美国
234,联网 做 终端 不用 充电 覆盖 增强 群 签到 请 使用 手机 进行 查看 感觉 问题 负 样本 设备 运转 类似 看病 人 里 识别 出 癌症 患者 癌症 患者 概率 低 样本 弱弱 问 宝宝 专业 出 扫描 版本 共享 大家 扫描 做成 矩阵 操作 里 课 统一 源代码 机器 学习 中文 目录 转换 编码 改 中文 测试 文件夹 中文 测试 文件夹 返回值 打印 群 签到 请 使用 手机 进行 查看 相当于 库 管理器 环境 里 存在 版本 安装 库 不会 出 问题 里 使用 字段 减去 均值 均值 提出 均值 减 新 均值 预处理 数据 手段 显存 解决 办法 安装 黑体 系统 自带 字体 命令 看 系统 字体 知道 系统 字体 文件 后 代码 加入 字体 类似 上面 数字 出现 频率 使用 注意 类似 上边 额 苹果 命令 发 命令 直接 复制 过去 看看 中间 出现 空格 气象 预测 学科 用到 大 数据 人类 基因组 计划 基因图谱 分类 聚类 依赖 大 数据 软件 统计 软件 大 数据 平台 提供 机器 学习 接口 集成 大 数据 平台 起来 方便 只能 现实 业务 需求 复杂 觉得 只能 数据 分 不同 计算 距离 堆排序 出前 进行 归并 内存 够 大 之前 算 距离 存 下来 后边 计算 时 相等 不用 算了 做 纯属 瞎说 意义 历史数据 计算 相似 搞 聚类 模型 算了 就算 距离 可能 近 看 齐 行 是非 懂 知道 文档 源码 读 对象 标签 知道 需要 编译 源码 现成 库 下载 后 编译 群 共享 文件 里 下载 源码 文件 老师 北大
229,前 同事 名字 巧 反应 思 远 广州 问题
141,求 课件 公司 貌似 没法 登陆 看到 分享 电子版 非常感谢 想起 美剧 硅谷 正在 学 感觉 一节课 学期 课
309,求教 学校 老师 数据 选择 合适 机器 学习 算法 请问 选择 小 白 图像 谢谢 大家 项目 意思 手机 屏幕 画 手势 调 出来 举 例子 功能 软件 默认 微信 定义 图像 用户 图像 用户 屏幕 画 时会 调 出来 微信 简单 手势 数据 软件 系统 软件 定义 手势 图像 用户 输入 手势 图像 算法 训练 数据 小 白 提出 问题 专业 建议 谢谢 看看 算法 意思 谢谢 收到 谢谢 老师 同学 求助 大家 问题 目标 搜集 数据 手机 图标 需要 用户 定义 图形 用户 画 出 图形 时会 调出 定义 想 搜集 用户 图形 请问 大家 方法 搜集 数据
243,需求 检测 识别 分类 识别 问题 以前 做 字符识别 做 特征选择 支持 尊重 邹 老师 劳动成果
208,好书
335,大家 推荐 网站 下载 电子书 牛庄儿 老乡 白 兴奋 碰到 老乡
109,小白 观看 视频 回 放在 网页 上看 看
325,版 枯燥
231,群 签到 请 使用 手机 进行 查看
87,研究 量化 投资
29,切入 风口
116,试试
276,上看 直播
83,统计 方法 需要 导入 头文件 运行 出不来 粗心 图形 想要 看 今天 课件 概率论 贝叶斯 公式 知道 实际 帮助 模式识别 私聊 写 出来 图形 工程 下面 文件 运行 需要 做 操作 出来 右键 运行 出来 缩进 要求 高 数字 放在 带线
110,李航 鄙视 支持 小 象 蛋 疼 简单 抱 不放 客户端 服务器 直接 前用 号称 写写 挂 加载 内存
57,开源 直接 不用 破解 开源 明早 出差 先下 回放 明天 看 回放 改
387,观看 地址 来晚 看 懂 直播 入口 帮忙 谢谢 搭建 环境 机器运行 后
131,群 签到 请 使用 手机 进行 查看
334,群 签到 请 使用 手机 进行 查看
158,同求 安装 安装 冲突 谢谢 专业版 需要 注册码 选择 需要 注册码 下次 课 安装 集成 环境 额 老师 话 撤 老师 安排 回看 请教 安装 里 测试 提示 错误 里面 输入 测试代码 提示 找到 模块 请问 原因 谢谢 试试 廖 雪峰 基础 课程 不错 打扰 测试 完 运行 报错 找到 模块 急 加 加 大家 建议 安装 方便 群 文件 想 看看 大神 笔记 肯定 学到 广州 看 视频 看看 笔记 课 看一遍 知识 还给 老师
255,速度 学校 网络 直播 声音 杂音 感觉 接触不良 重新 插拔 麦 外星人 大 问题 项目 文档 使用 使用 不会 提示 定义 变量 使用 里面 输入 测试代码 提示 找到 模块 说明 配置 客气 学习 窗口 包 着急 上课 回来 帮
7,工具
188,问 课件 不能 链接 老师 不能 发 课件 地址 老师 不能 发 课件 地址 老师 不能 发 课件 地址 兄弟 非常感谢 结束 关 电脑 老师 下课 询问 算到 求 出来 找 关系 同学 弯 绕过 解释一下 非常感谢 好像 有点 明白 觉得 稳定 大家 看 视频 记录 笔记 搞 明白 过渡 求教 弯 转不 过来 转 二进制 计算 公式 改 理解 过来 简单 觉得 理解 进制 理解 成 腻 害 笔记 认真 印象 笔记 里 方便 存 方便 看 讲 定理 跟不上 大脑 短路 跟着 老师 思路 走 纠结 变量 早 跟不上 搞 准备 转 数据 方向 工作 编程 冲突 业务 冲突 单纯 做 转 架构 方向 项目经理 个人 喜欢 觉得 做 数据 过程 理论 部分 学 理论 搭 房子 感觉 理论 枯燥 做 项目 觉得 项目 做 久 发现 理论知识 不够 能力 有限 循环 公司 做 爬 征信 报告 账单 流水 爬虫 简陋 普通 网络 编程 加上 对象 找 节点 请 字串 技术含量 公司 爬虫 业务 做 贷款 风险管理 爬 框架 工作 发现 理论 确实 重要 理论 扎实 深受其害 爬 数据 研究 协议 看 懂 报文 懂得 网络 编程 皮毛 搞 后来 新 客户 爬 数据 请求 响应 加密 爬 数据 发现 安全套 接字 研一 学 密码学 分布式 密钥 网络通讯 可惜 全 还给 老师 结婚 小坎 拌 网上 实际 例子 参考 实际 确实 坑 很大 理论知识 永远都是 重要 完成 社会 读书无用 观点 想 不会 人才 读书无用 觉得 大学 课 理论知识 工程 实践 完美 结合 重要 理论 踏踏实实 做 项目 才能 大家 看到 理论 重要性 达 不到 水平 讲 觉得 理论 水平 不够 现学现卖 只能 懂 皮毛 看会 睡觉 老师 觉得 牛家庄 例子 感兴趣 头 听到 问题 代码 写 谢谢 赔率 问题 大家 算了 算 出来 利润 问题 找到 忘记 看题 设 条件 恩 设置 错 设 成 相等 询问 推导 看 有没有 错 福特 定律 算 阶层 知道 分析 老师 学 语言 基础 人能学 平时 写惯 写 别扭 别扭 变量 声明 特性 写 写 跑 思路 结尾 加分 老 改不掉 写 完加 分号 习惯 习惯 感觉 阵痛期 剧烈 觉得 别扭 工作 八小时 写 课余 写 感觉 思路 切换 换去 精神分裂 不同 风格 编码方式 觉得 习惯 站 说话 腰疼 知道 以后 不会 感觉 屏幕 有点 卡 换新 直播室 以后 屏幕 场卡 屏 看 感觉 后面 回归 内容 老师 考虑 清明节 加课 感觉 回归 内容 讲 不完 希望 老师 讲 快 加 课 求教 做 旋转 减去 直接 旋转 理解 旋转 直接 旋转 减去 理解 地方 减去 图像 看上去 对称 减去 正好 对称 明白 炮灰 模型 女生 选择 追求者 数学模型 建立 数据挖掘 用来 干 求问 代表 啥意思 矩阵 转置 清楚 啥意思 结合 坐标 图 啥样子 工作 忘记 记得 转置 等于 平面 加进来 理解 扯 式子 理解 接受 看 转换 坐标 知道 理解 错 推 推出 矛盾 皮皮 受 意思 卡 矩阵 数 没看 懂 意思 不能 理解 行向量 结论 正好 相反 想想 搞 明白 谢谢 下午 好好看 了下 矩阵 内积 长度 正交 性 下午 问题 相通 指点 大家 不会 觉得 说话 累 看得懂 觉得 不伦不类 说话 好烦 中文 难 表达 意思 倒 无妨 英语 中文 表达 清楚 英语 觉得 有点 装 泪 奔 万恶 天气 下雨天 下班 卡 路上 问 深度 学习 电脑 显卡 关系 谢小象 赠书 理解 感谢 小 象 赠书 还行 睡 前 催眠 读物 不错 书 中午 小 翻 感觉 老师 讲 内容 学习 障碍 小 感谢 老师 奇怪 书本上 代码 示例 完 代码 作死 询问 同学 好像 讲 回归 章节 老师 没讲 牛顿 法 求解 损失 函数 有点 跟不上 搞 明白 部分 问题 解决 问题 没看 懂 想 发出 讨论 怕 刷 屏 想 问 问题 做 看不懂 看 步求 偏导 看 懂 大家 看懂 解释 下么 网上 找到 例子 感觉 解释 懂 机器 学习 没上 完 翻译 单词 知道 意思 代码 文档 觉得 论文 英语 估计 难 代表 个人观点 翻译 单词 扫雷 意思 理解 还好 每节课 看 以上 依旧 看 懂 确实 看 懂 合 电脑 觉得 不会 笑 哭 状态 感觉 郁闷 前 天天 老师 推导 朴素 贝叶斯 恒 成立 想 明白 套上去 理解 看 视频 等式 直接 掉 下推 想 搞 明白 邹 老师 整理 博客 整理 笔记 东西 写 印象 笔记 里面 好像 明白 学习 状态 汇编语言 不会 编 过程 节奏 推导 过去 直接 放弃 跳过去 感觉 看 久 挤压 东西 搞懂 基本 处于 知其然 不知其所以然 状态 看到 新闻 反映 在求 最大 估计 字母 读 谢谢
184,情况 自带 编辑 环境 直接 做 代码 编写 推荐 安装 程序调试 出色 装
225,表示 高数 不会
253,声音 入侵 说法
356,没声 奇怪 声音 木 破解版 看 重播 缓冲 出来 谢谢 系统 不能 请问 代码 下载 谢谢
299,群 签到 请 使用 手机 进行 查看
22,装选 下面 直接 有用 做 离散 化 处理 连续 属性 离散 化成 离散 属性 百度 离散 化 学习
223,声音 不对
254,直播 声音 坏 讲完 声音 不行 手机 没法 缓存 安装 版本 成功 安装 完 后 报 错误 网上 查 解决 问题
100,结束 太晚 直接 官网 免费版 撤 小 象 学院 微信 登录 好使 登 登 之前 微信 扫码 登录 二维码 出不来 求 解决问题 出来
115,声音 坏 今天 实在 不行 下次 讲 会儿 补上 老师 重启 机器 完
258,免费版
97,全免费 大家 着急 安装 知道 安装 几秒钟 声音
77,散步 散不散 大家 撤 包 破 试试 文件 改成 编码 试 不行 读取 鸢尾花 数据文件 报错 换 方式 我用 老师 代码 官 网上 里 问题 解决
6,纯 英文 能用 谢谢
242,今晚 上课 不等 清明 放假
210,上课 公开课 视频
18,下次 课 补上
306,口水 喷 进去 事 下次 备
162,散 老师 坚持 课程 代码 赛风
302,太狠 口水 下次 补 老师 老 卡死 邹博 老师 讲课 编辑 界面 下载 软件 名字 邹博 老师 讲课 编辑 界面 下载 软件 名字 谢谢
285,懒得 熟悉 朋友 帮 解释一下 可能 分类 创建 字典 处 代码 意思
66,说法
348,明 看到 今晚 视频 请问 里面 代码 老师 搞混 老 打错 老 搞混 感觉 求 转制 特征值 特征向量
171,今晚 没能 看 直播 明天 能学 今晚 派 森 语言 程序 要用 语言 优势 专门 适用 听 邹博 讲 感觉 受益 讲 很好 邹博 学校 博士 邹 老师 理论 联系 实践 感觉 讲 回放 视频 下载 下载 下来 视频 下载 移动硬盘 里 只能 缓存 工作
94,网 没法 看 直播 重播 看
185,直播
201,直播 请问 入门 看 视频 谢谢
53,回去
168,走
81,回放 放上去 调试 调试 报 安装 现 安装 弹出 闪退 感觉 出错 包与 区别 包含 不同 公司 出 安装 以用 安装 咯 命令 把散 安装 方便 有点 象 翻墙 稳定 回放 前 难不成 缓存 下来 后才 上看 视频 挂 咯 前 出去 会儿 回来 不行 报 链接 出错 估计 接口 出错 问题 看 合上 打开 程序 自动 退出 可能 接口 服务 挂 小儿 问题 处理 支持 正版 人 生成 环境 安装 搞定
266,上课 看 回放 自动 下载 手机 里 回放 支持 播放 请 关注 群 公告 最近 放 出来 换 网络 试试 客气 拼团 估计 慢 满 公众 火爆 拼 团里 具体 插班 说明 明天 就可以看 回放 端 缓存 回放 录 当时 直播 电脑 端 支持 下载 上装 缓存 下载 界面 名称 小 象 学院 切换 网络 切换 网络 卡 进 群 技术 帮 看看
111,今天 课件 讲完 下课
310,视频 离线 下载 手机 老师 数学 功底 牛 谢谢 第七课 代码 第八课 今晚 讲 回归 看到 老师 敬业 官网 文档 最好 教程 视频 离线 下载 下来 后 看吧 谢谢
104,看 回放 加速 看 明天 看
202,今天 课 上吗 上完 情况 只能 看 回放 老师 辛苦
278,赞 一节课 讲 数据 特征 木 知道
50,群 签到 请 使用 手机 进行 查看 入门 书 推荐 谢 视频 手机 能下 手机 缓存 看
261,群 签到 请 使用 手机 进行 查看 分布 明白 指数 推 神游 简单 粗暴 理解 分类 变量 不用 离散 化 老师 昨天晚上 变量 表示 类别 学生 类别 老师 类别 简单 线性 回归 做 系数 变量 回归 具体 含义 昨晚 喜欢 女孩 喜欢 女孩 觉得 连续型 变量 指示 变量 名义 变量 做 哑元 处理
296,安和 清华 源 安 安过 不会 问题 写 代码 一切正常 喷血 引用 包 路径 改 路径 路径 问题 分享 资源 机器 学习 项目 实现 步骤 不行 贝叶斯 模式识别 基础 一切正常 意思 命令行 库写 跟写 函数 设定 最后 画 图 拼写 错 运行 错 文件 轴 指定 默认 文件 前面 加上 错 贴出来 贴 源码 错误 看不出来 奇怪 缩进 错 喷血 基础教程 百度 方便快捷 数据挖掘 机器 学习 领域 免费版 构造 出 幂 计算机 需要 移位 算 出 快 数据挖掘 斜眼 笑 搞 数据 冲突 不算 转 转 项目经理 数据 生命周期 长 需要 学习 才能 社会 抛弃 工业 节课 讲 深度 学习 发 论文 阶段 理论 成熟 才能 应用 工业界 理论 基础 找 快 报 课 有点 早 蹦极 刺激 学 玩 兴趣爱好 据说 赚钱 想 做 机器 学习 大 数据 机器 学习 数据挖掘 官网 问 问题 写 博客 梯度 下降 分布 概率 概率 绘图 看 官网 文档 计算所 听 课 发现 老师 厉害 可惜 在读 测度论 执行 命令行 里 显示 加 编码 没用 改用 看到 好像 百度 直接 看 回放 视频 听 断 加 工作 数据挖掘 美团 做 推荐 排序 机器 学习 生物 领域 喷血 问 老师 计算所 托腮 深度 学习 机器 学习 分支 装逼而装逼 没看 国外 回来 老师 发 说话 想 喷血 装逼 不能 怕麻烦 可能 暗示 斜眼 笑 喷血 业界 缺失 值 搜索 缺失 值 处理 方法 开 训练 模型 看看 谷歌 翻译 全 贴进去 谷歌 翻译 给力 笑 哭 最近 森林 知道
245,删掉 貌似 独立 安装 装好 折腾 找 文档 问题 搞定 不能 脚本 里面 只能 命令行 创建 运行 环境 激活 有点 懵 喜欢 写 脚本 里面 保存 执行 脚本 脚本 创建 运行 环境 得到 环境 执行 脚本 直接 装 之前 撤 确实 安装 报错 大神 明天 有空 麻烦 帮忙 看下 网上 找 测试代码 执行 红框 报错 中间 运行 环境 堆 错误 目前 不会 找 代码 深度 学习 上次 参加 讲座 老师 列出 安装包 当时 讲座 老师 推荐 安装 东西 有没有 感觉 看 代码 累 放在 脚本 里面 执行 搞 想 复制 代码 去除 话 老师 今天 代码 没放 出来 周志华 书 看 直接 撸 估计 继续 学习 积极性 考研 考 数学二 没考 概率 感觉 像断 腿 老师 讲 不刷题 估计 还给 邹 老师 课程 进入 大 考前 串讲 最后 大 考前 串 讲课 跳 基础 课程 强化 课程 串 讲课 串 讲课 效果 昨晚 老师 课 属于 压缩饼干 基础课 强化 课 阶段 同学 立竿见影 门 课 找 找 人 够 看下 发 听课 收到 听课 马 手机 里面 看不到 课程 微信 登录 安卓 进去 空
119,请问 昨天 上课 录像 同学 请问 昨天 录像 感觉 看到 谢谢
23,回放 不能 新 收到 火狐 稳定 廖 雪峰 官网 学习 基础教程
269,昨天 加班 看到 看 回播 课时 课时 文档 谢谢 老师 客气 链接 密码 下载 下来 存在 网盘 电脑 上传 需要 下载 传上来
195,视频 打不开
257,手机 不能 看 回放 输入 课程 码 不行 情况 课程 码 成 优惠券 直播 电脑 上看 微信 扫码 登录 录播 想 手机 上看 下载 试试
47,环境 里 装 之前 搞 换 好像 不行 试 好像 北 选中 直接 循环 选课 中心 老师 视频 卖 赞 大哥 点积 形式 小象 视频 网络 网络 喷血 安卓 索尼 成功 下到 停 提示 下载 失败
378,只能 失败 要装 C++ 老师 实现 算法 代码 经验 先 装好 自动 刷新 检测 出来 安装 扩展 包 界面 请问 回归 涉及 数据 今天 有点 卡 开关
343,积分 下限 分部 积分 原函数 相乘 部分 固定 数 变量 数字 东西 概率 收敛 数学家 弱 大数 定理 满意 地方 在于 叙述 东西 可能 发生 很大 概率 接近 想 知道 出现 偏差 实验 足够 之后 不会 出来 闹事 强大 数 定理 处理 情况 数学 叫做 处处 收敛 东西 做 机器 学习 影响 大 看看 行 内容 搜索 关键词 测度论 请问 遇到 问题 电脑 不能 顺利 显示 中文 设置 字体 问题 请问 解决 才能 知道 系统 自带 字体 名字 安装 黑体 安装 目录 解决方案 看到 懂 直接 复制 不行 问题 解决 谢谢 里 强行 字体 文件 找到 后面 方法 解决
367,包含
221,搞 小游戏
126,感觉 挺好用 金融 觉得 想 搞 起来 麻烦
4,上课 之前 需要 安装 包 文档 上课 之前 准备 文档 找到 回放 找到 上课 之前 需要 准备 环境 安装 体验 有钱 出国 留学 胡歌 老师 不用 安装 包 知识 不补 回来 视频 下载 下来 看
326,下载 网站 慢 断 清华 镜像 网站 很慢 迅雷 不错 谢谢 运行 头 加 谢谢 错 看看 老师 例子 章 例子 括 起来 不行 环境 函数 返回值 谢谢 大佬 傻 谢谢 记住 谢谢 谢谢 有没有 介绍 书籍 可否 放 电子版 基础教程 版 修订版 谢谢 传给 资源 谢谢 刚才 程序 出来 图 带线 图 出来 敲错 字符 例题 用到 用处 可否 讲讲 参数 平面 查到 可否 告诉 网址 道理 知道 新手 进去 看到 谢谢 回复 谢谢 恢复 晓得 代码 不能 运行 谢谢 发 谢谢 知道 有没有 代码 讲解 资料 请 大家 帮忙 看看 输入 输入 后 不对 做 时 最后 程序 贴出来 矩阵 问题 指向 不会 安装 增么 看 版本 机器 函数 运算 问题 函数 产生 函数 类型转换 自动 转换 自动 转换 机器 知道 问题 函数 溢出 函数 溢出 改成 调用 指定 类型 后 来自 加 类型 去掉 不置可否 试一试 类型 去掉 后 出现 提示 以后 留心 谢谢 非常感谢 文件 放在 群里 要求 写 出来 大家 做 交流 加密 部分 手工 改掉 今天 老师 讲讲 上次 课 程序 参数 含义 运算 理论 解释
1,早上 传 知道 传快 昨天下午 下不来 数学 差 差 听不懂 昨天 听 完课 信心 继续 听 大学 学 使用 懵 可能 针对性 可视化 输出 大屏幕 有没有 人 做
262,最好 代码 压缩包 有没有 连贯 解决方案 清洗 过程 固化 标准化 流程 值 剔除 分箱 里面
59,额 确实 重要 统计学 很大 写 求 分享 笔记 不能 编辑 直接 推荐 工具 查看 内存 里面 具体 数据 地址 显示 数据 进程
289,数据 可视化 不错 牛 逼 数学 线 考 在职 返回 正太 分布 图 规定 轴 画 出来 设置 坐标 刻度 不行 大神 帮 解释一下 图像 两条线 对应 数值 原 数据 矩阵 出现 直线 指定 轴 条 垂直线 轴会 默认 想 悄悄的 问 大神 画图 时用 图 官 网上 案例 代码 改 行 案例 听说 大 冰毒 厉害 吸 西天 看 电影 门徒 里面 吸毒 残忍 最后 老鼠 吃 小时候 大嘛 雪茄 吸 大数 定律 含义 平均数 期望 发生 次数 次数 发生 概率 红线 部分 推到 图像处理 库 模块 安装包 发 谢谢 网上 找 安装 报 错 报找 不到 文件 找到 看 安装 安装 只能 装 公司 网络 不行 下载 大神 帮 下载 谢谢您 谢谢 上天 老师 讲 奇异 值 分解 奇异 值 用来 降维 区别 谢谢 想加 好友 发 麻烦 发 公司 网络 谢谢 安装 谢 线性 无关 向量 成为 基 线性 无关 平面 内 直观 认为 直线 向量 垂直 基是 独立 字段 变成 均值 谢 网站 打开 有没有 包 函数 参考 文档 帮 分享 上面 网站 老 打不开 包 里面 函数 谢 中文 出现 罗马 运行 逻辑 回归 损失 函数 红色 部分 成立 谢 咯 下面 损失 函数 最大 推到 推 出来 借用 单调 增函数 具有 加 对数 对数 函数 看来 最大 估计 看 吃饭 聊天 里面 解决 方法 黑体 客气 麻烦 同学 帮 周六 代码 发到 群 里面 公司 下载 谢 谢 直接 命令 加上 安装 文件 红线 名利 命令 打印 会带 数值 明白 大神 参数 方法 定义 参数 调用 参数 不用 传递 过来 方法 红色 参数 表示 意思 源码 介绍 看 懂 大神 知道 成 原 数组 特征 拼成 明白 麻烦 同学 昨天 课件 传到 群 里面 谢谢 借问 写 数学公式 软件 采样 看 打印 打印 出来 个值 含义 老师 代码 老师 变量 打印 粗 分 颜色 原因 帮 下载 看看 下载 看看 咋办 安装 好了吗 有没有 编译 帮 上传 谢谢 老师 有点 明白 麻烦 帮讲 讲 谢谢 老师 落 课 补一 补
86,感谢
24,同学 小象 学院 之前 提供 机器 学习 资料 看来 甩
213,缩进 问题 以下 缩进 去掉 格 拼错 上面 变量名 查 文档 看看 接触 话 新手 建议 老师 环境 跑 代码 上面 代码 地方 兼容 要换 整除 函数 路径 下面 北京
298,里面 不能 下载 视频 之后 不能 里 视频 后 之后 不能 课程 大神 帮 解答 周志华 机器 学习 老师 帮 解答 解答 呵呵 数学 基础 大学 数学 基础课 全 自学 大学生 数学 竞赛 国 机器 学习 视频 看 报 课 目的 听听 老师 讲 增强 理解 高数 书上 记住 行 库 导入 前面 库 以后 数据 下过 屏幕 录制 器 里面 说明 安装 说明 重新 注册 注意 里面 邮箱 肯定 传播 看 老师 辛苦
65,看 老师 里面 明白 上取 得到 觉 轴
173,四舍五入
286,机器 学习 牛 逼 写 程序 输出 大屏幕 同学 请教 问题 数据 要求 条 进行 计算 出 之间 关系 叫做 相似 有没有 算法 推荐 数据格式 维度 最后 维度 里面 属性 数据 计算 需要 多长 计算 时间 长 做 优化 遍历 计算 时间 长 需要 计算 数据 配好 队 队列 里面 开 消费者 数据量 不算 大 太重 计算 框架 数据 生产 环境 产生 数据 分析 时效性 要求 高 描述 准确 假定 数据 需要 计算 数据 相似 越往后 做 下去 数据 限定 范围 计算 之间 相似 做 下去 估计 意思 广告
359,考 邹 老师 问题 当时 问 不好意思 机器 学习 里面 问 问题 考 邹 老师 研究生 境 北京 邹 学生 读研 理解 理解 深度 课 时间 想 听 学 知识 重要 国庆 休 天 过年 放 今天 闲鱼 搜 搜到
169,没考 知道 知道 自习室 一帮人 天天 书 背
294,课 之前 看完 当时 老师 一节课 讲完 下载 下来 正态分布 均值 协方差 矩阵 表示 均值 源码 进去 看到 鼠标 左击 遇到 问题 报错 估计 安装 索引 看看 老师 发 资料 里面 讲 客气 好看 中点 旋转 没减 均匀分布 减去 减去 之后 均匀分布 原点 旋转 减去 之间 绕 原点 旋转 对称 编译 直接 方差 公式 带进去 得到 今天下午 推导 了下 样子 查准率 分类 准确率 老师 想 问 机器 学习 算法 不用 深度 学习 做 人脸识别 效果 查下 谢谢 老师
196,课件 下载 工具 做 可视化
297,安装 大哥 大姐 安装包 非常感谢 意思 打不开 打开 时 命令 窗口 安装 后 安装 才能 环境 理解 表示感谢 会用 爬 数据 恩 爬虫 架构 节点 找 链接 分字 恩 恩 以前 参加 数学 建模 后来 转 之前 面试 人工智能 问 转行 喜欢 数学 面试官 出 面试 回归 题 当时 做 出来 问 数学知识 忘记 追逐 当时 回归 预测 填补 缺失 值 看看 值 爬 数据 厉害 做 系统 前提 安全 之后 考虑 看 大家 讨论 讨论 今天 讲 鸡汤 立马 干 行 应用 理论 知道 行 凡事 变化 老师 看 今天 视频 下班
331,要选 写 完 行 华康俪 黑 高斯分布 华康俪 黑
337,我用
84,单纯 项目 集成 精力 充沛 样子 羡慕 问 邹 老师 知道 成都 成都 成都 大 猜 软件园 孵化园 环球 中心 不会 读书 成都 做 软件 集中 地区 环球 中心 里面 读书 猜 不到 美女 美女 保持 高度 好奇 知道 成都 狗市 额 听 地方 过段时间 搬家 想养 哈士奇 萨摩耶 端 下载 课件 知道 视频 时间 限制 不让 买 喷血
274,给定 范围 默认
68,前天 晚上 课 没顾 上上 看 回放 看
71,数据 显示 版本 看看 有没有 对应 模块 求加 微信 群 直播
149,厉害 厉害
252,报错 没看 懂 前面 加 扩 起来 知道 类型 相减 大哥 缩进 问题 傻 后面 函数 看看 基本 语法 先吧 喜欢 了解 基本 参数设置
347,整数 不能 相加 需要 等于 返回
333,混用 空格
10,今晚 课
34,相当于 样子 步长 步长 时间 计数 间隔 省略 计数 间隔 值 好像 间隔 汇 图 错
118,退课
3,知识点 好像 有所 耳闻 懵 逼 麦克劳 展开式 总算 知道 问 没见
146,今天 课 简单 复习 看一遍 视频 问题 数据 科学 数学 录像 团 团 差 人 恩 满 大家 参与 建团 行 人团 满
205,听课 效果 机器 学习 灵魂 深度 学习 时髦 理论 用来 照搬 活用 大师 不会 机器 学习 想到 神经网络 深度 学习 撰写 技术 书籍 技术 内幕 源码 剖析 发行 用心 创作 欢迎 有志 提高 大 数据 开发 创新 水平 人们 阅读
304,冲突 看成 开发者 手册 下不动 没用 下载 按钮 小象 缓存 学生 视频 播放 切换 应用 回到 小象 最 播放 下载 功能 同学 试 手速 不能 快 不行 小米 版本 下载 状态 显示 下载 无法 下载 点击 继续 无效 打开 显示 谢谢 试试 老师 中科院 收 门徒 老师 负责 培养 学生 强 同学 见 不到 导师 高水平
182,包亲 安装 分解 算法 加号 左边 误差 最小 右边 正则 化项 范数 最小
12,模块 直接 看 模块 看 死 科学计算 包 以前 抓 一大 毕业 搞 机器 学习 死 磕 下班 搞 感觉 模块 大 数据 整 机器 学习 大 数据 前提 睡 一波 视频 里 看 咯 摊手 看 不用 忘 看 书 知道 机器 学习 里面 全 奇技淫巧 距离 速度 脑子 短路 单位 速度 差 距离 差 错 单位 时间 速度 内 走 路程 减速 保证 走 距离 小于 保证 不会 追尾 直接 转成 转 收费 另存为 恩 吸完 不会 推 环境 环境 需要 添加 运行 环境 解释器 运行 相比 集成 库 安装 库 新手 基本 用到 库 安好 安装 终端 代码 提示 源码 定位 熟悉 方法 摔 摔 释放 见 正在 释放 掉 释放 界面 存在 麻蛋 着用 突然 程序 不见 有鬼 想 知道 字 写 拼音 骗 民民 拼音 机器 学习 实战 代码 代码 懂 技巧性 打印 出来 看看 之前 看 忘 泪 奔 泪 奔 下脚 小方块 炸 同求 知道 鬼
82,谢谢 有没有 办法 爬取 指定 时间段 话题 微博 评论 内容 弱 监督 监督 区别 理解
159,上课 代码 谢谢 看 视频 发现 以前 学 概率论 数理统计 还给 老师
227,保护 知识产权 方便 建议 代码 列出来 提供 文档 看看 看看 松口气 大家 酒店 房间 放假 放 假 舅舅家 跑跑 跑跑 跑 啤酒节 维护 事 放假 斤斤计较 看看 看看 跑 回去 湖南 农大 看看 命名 空间 扭扭捏捏 紧急 电话 芳华 快 健健康康 考试 空 哦哦哦 哦哦哦 待机时间 旧货 回收 消耗品 卡 结结实实 回家 换 新 腾讯 应用 宝 查找 小 象 学院 标签 新 字样 老版 貌似 账户 购买 微信 端 帐号 微信 帐号 登录 含 要用 微信 限制 悲惨 公司 微信 帐号 我用 荣耀 版本 奇怪 手机 不能 下载
204,书 朋友 书 朋友 请问 资料 大神 人 发 去年 视频
320,下载 下载 行 安装 东西 有没有 组队 带 飞
88,抱歉 插班生 课程 直播 提问 老师 课后 解答 当场 解答 谢谢
101,想刷 推荐 用到 数学 还好 深 老师 相当于 列 全 提纲 对应 找 书本 细化 统计 学习 方法 有点 深 全 个人 认为 西瓜 书 可能 极限 函数 极限 单调 递增 上界 证明 极限 存在 夹 原则 证明 函数 极限 存在 区别 离散 连续 推广 性质 极限 性质 大神 教程 分享 里 参加 数据 科学 面试 攻略 童鞋 介绍 课程 装 报错 指定 解释器 报 课程 以后 课程 课 免费听 谢谢
58,有点 搞懂 存在 结论 证明 存在 里 大神 请 帮忙 指导 觉得 肯定 弄清 极限 函数 极限 区别 后面 知道 干嘛 知道 证明 存在 极限 不够 扩展 函数 极限 明白 疑问 单调 递增 上界 不足以 证明 极限 两边 夹 函数 单调 递增 上界 可能 连续 极限 彻底 明白 谢谢 实际 满足 整数 明白 第几课 想 回去 看 印象 谢谢 发 看看
113,离散 连续 梯度 下降 导 函数 近似 理解 错 大家 理解 第一课 明白 迭代 方法 求 极值 看 前两天 时间 看 感兴趣 水平 有限 求 带 文件 分享 电商 挖掘 机器 学习 结合 想 找 工作 做 气象 方面 需要 用到 机器 学习 概率 结合 紧密 手机 课程 没了
117,郭靖 故乡 请问 大家 里 装
167,知道 指 作图
211,好像 中科院 听 老师 课 看 深厚 数学 实践 功底 请问 清明 假期 继续 上课 延后
30,邹 老师 好像 北师大 毕业生
123,课程 看 回放 老师 辛苦 知识产权 花钱买
70,课件 下载 进去 看见 下载 选项 请问 安装 输入 不行 使用
143,请问 看 回放
288,人 共享 代数 抱歉 数值 分析 愚人节 上课 不信 老师 自律
164,好像 直接 辛苦 请问 里 大神 绘图 中文 显示 框框 加了 换成 安装 成功 显示 包 不能 显示 包 全 老师 代码 里面 运行 发现 不能 成功 显示 求助 群里 大神 运行 中文 框框 字库 搞 百度 试玩
293,新手 学 老哥 门
353,视频 不能 缓存
13,包含 后面 整合 省 力气 方法 直接 安装 熟悉 考虑 搭建 环境 包 方便 点击 安装 中文 编码 字符 支持 要加 以后 问题 没事 不同 问题 发现
20,安装 不用 命令 把散 安装 東西 连结
160,老师 回复 风 问问 老师 回复 南京 谢谢
64,区别 百度
144,有没有 开发 想 问 库 解决 编写 装完 需要 下载 库 之前 学 库 教程 装 包 版本 版本 包 版 包吗 公司 搞 机器 学习 发 链接
290,安好 之后 自动 找到 解释器 设置 里 搜 找 安 解释器 行
368,小象 大神 知道 笑 哭 笑 哭
323,邹 老师 跑 目标 检测 模型 数据 日志 上看 波动 厉害 递减 可能 原因 导致 损失 函数 想 百度 东西
73,群里 分享 付费 版本
206,小象 程斌 老师 讲 购买 课程 才能 看 手机 下载 谢谢 老师 手册 放到 了来 滴 文件 文件夹 右键 选择 试试 训练 集中 编码 做 求 赐教 求 赐教 详细 谢谢 谢谢 试试 改为 试试 看错 输出 颜色 赠
112,有微 信群 加
27,请问 官网 下载 下载 停止 有没有 高手 放到 群 共享 里 谢谢 求助 浏览器 强制 关机 后 只能 出现 情况 无法 打开 成 大屏幕 有没有 高手 帮忙 解答 打开 浏览器 刚才 卸载 重装 谢谢 中毒 请问 类别 分类 靠谱 算法 方法 试 森林 感觉 分类 不够 稳定 谢谢
192,不能 下载 知道 好像 希望 下载
283,请问 代码 下载 下载 解决 谢谢 问题 换 内核 标准 不行 找
15,发 电脑 身边 安 先安 安 之前 安 行 直接 下载 文件 装 对应 装 装 不用 纠结 问题 装 直接 文件 直接 装 包 帮 下载 猜 知道 范围 之内 软件园 孵化园 环球 中心 猜 好奇 发在 群里 发在 百度 青石桥 狗市 百度 没事 养养 养 里面 不用 写 老师 上传 群 文件 里面 直接 运行 出来 组团
135,安装 前面 成功 能否 举 例子 岗位 机器 学习 相结合 主意
372,成为 基就 线性 无关 垂直 正交 基
251,大家 帮 看看 简单 显示 前 五行 反应 报错 显示 出来 执行 才能 显示 谢谢 显示 命令行 里 输入 进入 里 代码 命令行 里 报错 命令行 里 提示 文件 找 不到 文件 拷贝到
80,求 带 大佬 建 开源
238,研一 在校学生 平时 时间 学期 学 算法 管科 信管 能力 有限 组 拉 微信 群能 拉 进去 问 回归 前面 系数 想 知道 输出 就可以看 参数 知道 增量 算法
328,广州
183,广州
292,深度 学习 框架 显卡 向量 矩阵 行 列
54,发 今天 过来 谢谢 装包 装 包 群 文件 下载 下来 装 谢谢 代码 赠书
350,版 注册码 恩恩 试试
200,小象 人 私聊
284,问题 进 直播 问题 群 试一下 切换 线路 重启 路由器
39,客气
380,声音 切
32,看着 看着 流量 用光
175,队伍 参加 求 拉入 晕 今晚 最高价 团 购价 续费 最高价 团 购价
67,是用 D盘 保存 路径 前面 前两天 装 忘 客气
56,开源 收费 谢谢 之前 课 没上 直接 今天 课 课 面相 学员 怕 基础 听不懂 微信 没钱 有钱 团
92,标签 里面 中文 加
263,拘泥于 公式 形式 理解 最 重要 损失 函数 值大 小 叫做 损失 直白 理解 标签 损失 同理 标签 损失 函数 理解 起来 明白 不用 记 公式 最大 理解 概率 最大 情况 样本 数据 样本 概率 值 概率 值 相乘 之后 概率 最大 认为 最好 理解 教条 东西 直观 讲清 理解 概念 标记 目前 好比 出现 概率 弄 出 神秘 概念 大帽子 扣 内 数 相乘 顺其自然 事 东西 发现 概念
31,挺好用 免费 插件 打断 调试
338,请问 安装 需要 安装 明白 安装 环境 谢谢 推荐 环境 谢谢
287,黑体 要用 请问 知道 删除 安装 包 安装 上去 删 东西 重新 弄 泪 奔 别拔 疏通 成分 分析 奇异 值 分解 知道 啥意思 做 装上去 安装 前提 安装 文件 额 显示 下来 包 名字 不同 下载 包 不行 知道 忙 清明节 上课 喷血 报错 提示 专硕 请问 闪退 整 恩 见 不到 老师 人 请问 回归系数 请问 课程 准备 看不到 今天 上课 求 偏导 分 后面 求 偏导 老师 上来 怕 电脑 看不到 视频 请问
260,谢谢 直播 卡 恩恩 谢谢
90,老师 代码 里 字符串 前面 有没有 不用 想 问 代码 里 地方 加 地方 不加 像是 里 老师 加 去掉 影响 中文 加上 缩短 回放 右键 快进 快 右键 快 进 错过 东西 认为 右键 快 进 可能 合适 最近 看 代码 看 回放 闹心
132,直播 分享 学习 折腾 工具 没下 全 装 轮子
9,人 优惠 才能 收到 通知 转发 朋友 过去 打开
129,划算 微信 打开 录制 软件 支持 确实 发现 追究 法律责任 记录 能够 外 分享 尊重 老师 无耻 不会 查 直接 买 联系 区法院 告 支付宝 可能 假
176,打不开 打开 满 满 告诉 微信 打开 用户 体验 打不开 右上角 微信 打开 下面 字 看不到 课 听 下载 下载 下载 下载 下来 直播 内种 公开课 类似 电脑 端 端 下载 看 名字 电脑 端 直接 官 网上 看 参加 团 开 人 开团 插班 意思 录好 星期 一节课 讲 多长时间 有钱 找 客服 最近 刷 内 数学 概率论 大哥 问题 老师 讲 快 想 想 请教 想 问 最后 收益 方差 内种 形式 直接 得到 实数 协方差 矩阵 理解 错 谢谢 非常感谢 看 人 看 数据 科学 数据 门 课 统计学 课 讲
91,网址 进 参团 页面 网址 复制粘贴 浏览器 不行 小 象 标价 转发给 客服 客气 差 昨天 开 团 成团 后 进去 开 昨天 开 团 成团 后 进去 开 前面 操作 弄混 实际 昨天 操作 没扣 入 团费 没入 团 参团
236,课程 插班 收费 谢谢 昨天 报 班 本来 走 插班 通道 点成 网页 链接 帮 处理 感觉 机器 学习 需要 大 数据 困惑 请教 传统 数据挖掘 借助于 工具 逻辑 肯定 做 分析 依赖 库 优秀 机器 学习 框架 写 老师 破 电脑 讲课 完成 机器 学习 实践 做 机器 学习 总 感觉 差 意思 逻辑 大 数据 肯定 获得 准确 模型 当前 学习 过程 感觉 明显 学习 理论 模型 实践 相差 很远 做 数据挖掘 数据仓库 中近 数据 做 完 数据 清洗 数据 做 采样 获取 条 数据 放到 里边 建模 建模 最后 得到 应用 数据 集上 效果 不错 够用 做 数据挖掘 做 说明 方法 很大 普适性 就让 困惑 老师 辛苦 邹 老师 辛苦 尊重 老师 劳动成果
281,数学 团 定 开课 录制 看 录像 不错 准备 数学 高手 请教 泰勒 公式 是否 表示 成 如下 形式 表示 形式 具体 文献 找 找到 文献 看到 上图 泰勒 展开式 知道 是否 推广 查 文献 找到 类似 泰勒 展开 形式 出处 描述 清楚 出现 红 字 卡 出现 次 中断 尊重 知识产权 断 支持 人员 卡 卡 切换 网络 卡 声音 今晚 课
209,加 团 需要 微信 打开 支付宝 付款 加下 微信 支持 正版
301,漏 昨晚 课 请问 大家 看 回放 端 找 找到 找到 视频 回放 入口 找到 不好意思 邹 老师 上线 看见 断 恢复 好像 讲 发觉
155,请问 直方图 条 边界 搜索 关键词 知道 解决 函数 边界 参数 谢谢 奇怪的是 官方 文档 里 里面 没写 参数 之前 试 输入 没出 提示 加进去 之后 效果 请问 如图所示 绘制 正态分布 拖动 顺畅 感觉 像是 鼠标 移动 计算 距离 变换 图像 动态 感觉 之前 版本 清楚 之前 版本
322,参团 数学 有没有 报团 刚才 发 链接 进去 参团 咋搞 看见 课程 码 看到 群里 大神 麻烦 共享 大 谢谢
40,参团 参团 微信 端会 发 通知
152,问 问题 选取 数据 行 数据 谢谢 问题 获得 索引 值
137,具体 求解 做主 成分 分析 虚拟 变量 放进去 类似 行政级别 机器 学习 升级版 微信 群 帮忙 拉 统计 学习 方法 提到 判别 模型 生成 模型 明白 包括 结构化 风险 提到 损失 函数 正则 化 贝叶斯 方法 关系 课 老师 讲 因变量 需要 标准化 谷歌
295,求教 大神 训练 数据 参数 连续 连续 形状 性别 做 分类 算法 离散 化是 指 抱歉 小 白 瞅 瞅 正在 看
318,昨天 回放 声音 杂音 大 画面 声音 之间 延迟 麻烦 解决 之前 回放 问题 额 觉得 视频 感觉 声音 画面 跟不上 笑 哭 感觉 声音 速度 画面 有点 慢 知道 感觉
120,延迟 舒服 做 增量 聚类 计算 单条 信息 和类 相识 不用 算 明白 聚类 算法 实现 实现 搞 队列 进程 读 进程 累计 取到 条 聚类 进程 聚类 合并 算法 求 余弦 相似 相识 里面 相似 文本 相似 直接 算 分享 算法 同义词 近义词 确实 长 文本 效果 蛮好 短文 计算 前 辅助 同义词 库 转换 词库 清洗 要求 精度 苛刻 转换 拼音 计算 不用 台机 放 类似 具体 查下 算法
244,思想 谢谢 认真 考虑 报 面试 算法 课 看见 班 链接 谢谢
72,包 名称 删 东西 重新 弄 写 小菜一碟 星期 习惯 工作 小时 不会 告诉 工作 切换 着写 星期 习惯 值 代码 试 问题 溢出 系统 试试 看看 机器 支持 最大 值 看 输出 类型 函数 打印 出来 肯定 服务器 机器 装下 机器 支持 大 算算 溢出 类型 打印 肯定 类型 存下 生成 存下 默认 给出 能装 最小 类型 矩阵 相加 溢出 元素 指定 类型 感觉 机器 学习 工具 数据挖掘 目的 能够 机器 学习 相结合 气象 预测 简化 特征 有没有 乌云 有没有 大风 预测 晴天 雨天 分类 问题 现实 气象 预测 肯定 模型 复杂 大 数据 预测 单纯 统计 词频 数据 量化 直接 计算 计算 次 时间 不长 数据 维度 单机 计算 级别 额 刚才 描述 清楚 计算 之间 相似 之间 相似 刚才 题目 意思 计算 后面 条 次 计算 额 问题 条 记录 求 相似 循环 写 不会 计算 相似 感觉 算法 优化 考虑 进程 错 请 指正 考虑 最后 可能 数组 越界 问题 写 思路 函数 业务 需求 实现 老师 解 条 记录 求 相似 干 算了 一共 需要 计算 次 感觉 数据 计算 时间 长 计算 毫无 压力 测试 数据 维 计算 欧式 距离 单机 全部 老师 腻害 肯定 设置 时间段 设置 计算 条 之间 业务 需求 出来 结合 业务 算法 条 直接 计算 不用 聚类 计算 数据 相似 数据 聚 干 得到 任意 相似 醉 画 图 请教 向量 话 句子 词 向量 使用 词 向量 相加 得到 知道 清楚 原理 好像 神经网络 研究 鼓掌
78,老师 看到 模型 知道 好像 去掉 求 帮助 老师 求 帮助
156,猫腻 代码 报错 看 问题 不会 函数 锅
355,大神 学习指南 电子书 共享
352,收 谢谢
268,谢谢 老师 辛苦
217,请问 清明 放假 上课
305,求助 问题 麻烦 知道 回答 老师 删除 键
329,看看
114,平时 写 寡头 垄断 用到 求 分享 官网 下载 太慢 版本 谢谢 分享 准备 买 笔记本 开发 求 推荐 北风 网 讲 课 看 断网
198,邹 老师 现身 指点 下哈
180,邹 老师 闭关 练功
315,求教 包 安装 错误 原因 看 包 里面 文件
151,最大化 之后 不能 看到 聊天 框 不能 考虑 改进 改
300,大 数据 核心 预测 预测 肯定 用到 机器 学习 大 数据 火 起来 机器 学习 肯定 火 做 数学 建模 强 做 程序 学 门 课目 了解 机器 学习 方便 数学 建模 模型 转换 程序实现 前 几节课 听懂 入门 帮助
373,想 请教 之前 堵车 代码 理解 当前 距离 车 距离 近 老师 运行 代码 遇到 问题 请问 解决 敲 老师 招保 研生 求解 问题 解决 设置 想 问 大神 深度 学习 机器 学习 关系 最近 看 深度 学习 课 感觉 内容 通 里面 用到 激活 函数 机器 学习 回归 修正 线性 回归 请问 学完 机器 学习 之后 学 深度 学习 轻松 额
250,同学 请教 问题 数据 要求 条 进行 计算 出 之间 关系 叫做 相似 有没有 算法 推荐 数据格式 维度 最后 维度 里面 属性 数据 方便 放 出来 涉密 数据 数据 原始 日志 格式 理解 维度 维度 属性 老师 老师 遍历 老师 有没有 提高效率 办法 做 计算 样例 数据 单机 可能 级别 条 循环 次 做 次 循环 嵌套 属性 相似 业务部门 意思 找出 相似 前 条 记录 想法 写 打分 程序 循环 打分 排序 取 样例 数据 条 生产 数据 流式 产生 日志 数据 目前 搞 测试 样例 数据 原本 公司 传统 分析 部门 人 搞 搞 下去 找 样例 数据 跑 单机 跑 看看 时间 不会 短 算法 不熟 需求 之前 日志 数据 里面 找出 数据 相似 前 条 记录 清楚 拿到 样例 数据 条 领导 搞 目前 直接 算 时间 确实 有点 不能 接受 明白 涉密 信息 肯定 需要 得到 精准
344,广播 进程 试试
340,确定 写
277,老师 辛苦
37,问同 问
93,算 文本 相似 深沉 语意 试试 深层 模型 加载 进去 加载 回去 模型
21,缓存 视频 看 后 自动 关闭 提示 播放 完毕 原因 点开 重新 调 上次 播放 时间 滑动 时 时间 提示 记忆 上次 播放 位置 大神 方法 经验 视频 回放 断 问 手机 客户端
42,喜欢 邹 老师
365,大家 工作 上学 看看 代码 相关 变量 去掉 看 懂
52,大家 工作 上学
106,安装 求助 代码运行 报错 问题 安装 添加 环境变量 解决 问题 文件 改 谢 试试看 找到 解决方案 小 纠结
237,钢甲 龙 万能
2,神马 不能 谢谢 老师 木 聚类
264,是否 需要 变量 进行 标准 话 拟合 求 老师 指导 是否 需要 因变量 进行 标准化 进行 拟合 因变量 需要 标准化 之后 拟合 回归 用法 知道 干嘛 谢谢 看看 看到 部分 线性 回归 交叉 验证 有用 梯度 下降 用到 部分 数据 批量 梯度 用到 训练 数据 理解
154,安卓 手机 缓存 请问 使
38,资料 区
273,老师 课堂 代码 发在
314,代码 资料
194,微信 登入
220,换 火狐 浏览器 改 字体 微信 登录 改成 账户 密码 登录 蓝灯 蓝灯 妥妥 能用 系统 错 破 部分
280,清华 镜像 选 版本
153,老师 代码 官 网上 下来 第几课 里面 找到 方法 字体 复制到 对应 目录 命令行 输入
43,退 后台 锁 后 苹果 释放 打开 重新 进入 进入 后台 后会 释放 处于 前台 不会 释放 苹果 正在 前台 使用 留 足够 内存 程序 生命周期 处理 苹果 强制 进入 后台 程序 释放 懂吗 程序 无法控制 小象 写 问题 找 切 回来 不会 问题 下载 问题 手机 型号 版本 苹果 上面 加 群 反馈 问题
219,程序 生命周期 处理 估计 小象 程序 学生 写 经验
332,大家 兴趣 谢谢
279,需要 请 参团
76,机器 学习 实验 手册 下载 找 不到 文档 找到
207,视频 回放 断
33,今天 上课 课程 质量 很高
311,老师 北京 老师 北京 聚会 斜眼 笑 头像 不错 头像 看着 实在 萌
98,次 课程 提升 看 回放
389,小 象 网站 挂 打开 慢
36,安装 卡
349,降维 第几课 求教 看看 最近 有点 疑问 貌似 打架 机器 学习 统计 建模 解释 托腮 买 小象 卖 广告 里面 自带 正则
336,数据 特征 节课
358,大神 问 问题 森林 处理 连续性 数据 设置 直接 调用 方法 办法 补补 英语 妈呀 想 学习 报 课程 干想 素质 低
230,里 参加 京东 大赛 大神 小 菜鸟 求 大神 带飞 算 安装 成功 笑死人 觉得 机器 学习 够 折腾 保证 产权 才能 保证质量 出现 传播 只能 导致 原创 失去 创作 动力 质量 知识 所有人 不利 建议 小 象 官方 人员 处理 闲鱼 盗卖 人员 愿意 换成 直接 安装 文件 安装 成功 节省 大量 时间 决策树 理论 里 详细 讲 看 线性 代码 讲解 之后 问题 请假 训练 完 模型 之后 输出 损失 函数 值 老师 代码 里 写 超 参数 正则 化 值 损失 函数 值额 右键 大佬 看 看到 名词 对应 数学 用语 交叉 分解
11,老哥 准确率 同菜 同菜 默默地 看书 估计 赞 旷 课 喷血
161,看到 算 内积 公式 转置 乘以 补补 基础 偷懒
28,线代 基础 东西 晕死 内积 说明 正交 向量 左转 右 转 个数 右转 左 转 矩阵 觉得 线代 高数 概率 统计 复习 看 机器 学习 周期长 问 事情 交流 上面 吴恩达 课程 百度 云 资源 习惯 同事 说话 蹦 单词
189,大侠 翻墙 工具 工具 发 行
270,理解 向量 向量 内积 内积 数 正交 维 转置 转置 改变 向量 原本 列 向量 转置 之后 转置 写法 变 分量 变化 向量 个数 列 向量 向量 说明 情况 写成 列 向量 上过 线 代课老师 强调 激活 函数
51,有没有 版本 编译 安装 文件 电脑 安装 安装 麻烦 感谢 发 情况 出 问题
327,参考
235,深度 学习 算法 罗辑 回归 类型 机器 学习 包含 机器 学习 算法 亲们 笔记 写 打开 研究
357,证书 证书 钱
103,支持 看 发现 中奖 名单
319,支持 老师
267,支持
8,支持
62,分享 形式 尊重 劳动成果
366,支持 本来 不贵 尊重 劳动成果
282,支持 正版
351,尊重 知识产权 受益 良性循环
16,下载
222,看 发现 中奖 名单
190,代 回去 算 出来 值 认为 理解 错 知道 错 取错
249,运行 程序 出现 错误 解决
303,加 群 北京
313,注释 注释 习惯
170,书 地址
26,直播 出来
150,问 处理 最大 矩阵 处理 数据 想 应用 线性 回归 算有 缺失 值 洗 赋值 谢
74,需要 安装 导出 图 插件
99,小 象 网站 登陆
105,看 视频 购买 买
133,初来 大神 多多指教 红包 请 使用 手机 查收 红包
136,正好 看看 之前 视频 请假 大家 问题 想 写入 文件 保存 不能 写入 文件
224,高 公司 数仓 帮 处理 清洗 数据库 做 清洗 写 存储 过程 公司 写 性能 数据库 要求 高 不造 人事 招聘 帮 处理 处理 太慢 环节 做 坑 无语 东西 想 学 懂 处理 数据 拆拆 拆 合合 合 思想 拆 老 反应 过来 老师 大神 指导
14,老师 老师 幽默 昨天 听课 讲 清晰 谢 老师
371,神经网络 高 稳定 说法 做法
148,声音
384,谢谢
339,微信 扫码 登录 手机 显示 登录 成功 电脑 页面 跳转
193,刚报 课 出来 课程 里面 直接
382,往后 免费 学 惯例 需要 转发 报名 链接 朋友圈 免费 算是 小象 小 象 群里 通知
291,请教 朴素 贝叶斯 代码 无法 运行 好像 缺失 字典 谢谢 老师 网址
157,常备 江中 牌 健胃 消食片
108,见招拆招
259,看不到 看不到 昨天 坏 刷新 换
96,小象 里 注册 课程 微信 订单 里 东西
61,掏
